x,y,z,type
5,-52,21,minecraft:mob_spawner
-21,-14,2,minecraft:mob_spawner
23,35,40,minecraft:mob_spawner
0,-23,-40,minecraft:mob_spawner
0,0,0,<lithium_sleeping>
8,67,209,farmersdelight:cooking_pot
10,67,216,visualworkbench:crafting_table
19,-34,228,minecraft:mob_spawner
-105,-14,228,minecraft:mob_spawner
-69,-40,192,minecraft:sculk_sensor
-220,-28,204,minecraft:mob_spawner
-185,-6,199,visualworkbench:crafting_table
0,0,0,<lithium_sleeping>
-72,-40,184,minecraft:sculk_sensor
-72,-40,185,minecraft:sculk_sensor
-72,-38,190,minecraft:sculk_sensor
-69,-40,185,minecraft:sculk_sensor
-166,-41,188,minecraft:mob_spawner
-65,-48,116,minecraft:mob_spawner
69,74,102,minecraft:mob_spawner
-184,8,87,minecraft:mob_spawner
63,106,82,minecraft:sign
63,105,82,minecraft:sign
64,105,82,minecraft:sign
64,106,82,minecraft:sign
74,-17,95,minecraft:mob_spawner
111,7,147,minecraft:mob_spawner
107,11,194,visualworkbench:crafting_table
0,0,0,<lithium_sleeping>
0,41,64,minecraft:mob_spawner
62,106,78,minecraft:sign
56,109,77,minecraft:mob_spawner
65,106,78,minecraft:sign
65,106,79,minecraft:sign
-131,-29,69,minecraft:mob_spawner
0,0,0,<lithium_sleeping>
123,11,188,visualworkbench:crafting_table
121,-35,50,minecraft:mob_spawner
0,0,0,<lithium_sleeping>
0,0,0,<lithium_sleeping>
145,-27,205,minecraft:mob_spawner
0,0,0,<lithium_sleeping>
0,0,0,<lithium_sleeping>
115,82,32,minecraft:campfire
159,-22,46,minecraft:campfire
-197,-28,-67,minecraft:mob_spawner
-183,-15,-111,minecraft:mob_spawner
-184,-26,-114,minecraft:mob_spawner
-140,-33,-33,minecraft:mob_spawner
