x,z,level,in_memory,status,full_status,accessible_ready,ticking_ready,entity_ticking_ready,ticket,spawning,block_entity_count,ticking_ticket,ticking_level,block_ticks,fluid_ticks
0,0,30,true,minecraft:full,ENTITY_TICKING,done,done,done,Ticket[start 30 (INSTANCE)] at 0,false,0,Ticket[start 30 (INSTANCE)] at 0,30,0,0
-1,-1,31,true,minecraft:full,ENTITY_TICKING,done,done,done,no_ticket,false,0,no_ticket,31,0,0
-1,0,31,true,minecraft:full,ENTITY_TICKING,done,done,done,no_ticket,false,0,no_ticket,31,0,0
-1,1,31,true,minecraft:full,ENTITY_TICKING,done,done,done,no_ticket,false,0,no_ticket,31,0,0
0,-1,31,true,minecraft:full,ENTITY_TICKING,done,done,done,no_ticket,false,0,no_ticket,31,0,0
0,1,31,true,minecraft:full,ENTITY_TICKING,done,done,done,no_ticket,false,3,no_ticket,31,0,0
1,-1,31,true,minecraft:full,ENTITY_TICKING,done,done,done,no_ticket,false,0,no_ticket,31,0,0
1,0,31,true,minecraft:full,ENTITY_TICKING,done,done,done,no_ticket,false,0,no_ticket,31,0,0
1,1,31,true,minecraft:full,ENTITY_TICKING,done,done,done,no_ticket,false,0,no_ticket,31,0,0
-2,-2,32,true,minecraft:full,BLOCK_TICKING,done,done,unloaded,no_ticket,false,0,no_ticket,32,0,0
-2,-1,32,true,minecraft:full,BLOCK_TICKING,done,done,unloaded,no_ticket,false,0,no_ticket,32,0,0
-2,0,32,true,minecraft:full,BLOCK_TICKING,done,done,unloaded,no_ticket,false,3,no_ticket,32,0,0
-1,-2,32,true,minecraft:full,BLOCK_TICKING,done,done,unloaded,no_ticket,false,0,no_ticket,32,0,0
0,-2,32,true,minecraft:full,BLOCK_TICKING,done,done,unloaded,no_ticket,false,0,no_ticket,32,0,0
-2,1,32,true,minecraft:full,BLOCK_TICKING,done,done,unloaded,no_ticket,false,0,no_ticket,32,0,0
-2,2,32,true,minecraft:full,BLOCK_TICKING,done,done,unloaded,no_ticket,false,0,no_ticket,32,0,0
-1,2,32,true,minecraft:full,BLOCK_TICKING,done,done,unloaded,no_ticket,false,0,no_ticket,32,0,0
0,2,32,true,minecraft:full,BLOCK_TICKING,done,done,unloaded,no_ticket,false,0,no_ticket,32,0,0
1,-2,32,true,minecraft:full,BLOCK_TICKING,done,done,unloaded,no_ticket,false,0,no_ticket,32,0,0
1,2,32,true,minecraft:full,BLOCK_TICKING,done,done,unloaded,no_ticket,false,2,no_ticket,32,0,0
2,-2,32,true,minecraft:full,BLOCK_TICKING,done,done,unloaded,no_ticket,false,0,no_ticket,32,0,0
2,-1,32,true,minecraft:full,BLOCK_TICKING,done,done,unloaded,no_ticket,false,0,no_ticket,32,0,0
2,0,32,true,minecraft:full,BLOCK_TICKING,done,done,unloaded,no_ticket,false,0,no_ticket,32,0,0
2,1,32,true,minecraft:full,BLOCK_TICKING,done,done,unloaded,no_ticket,false,0,no_ticket,32,0,0
2,2,32,true,minecraft:full,BLOCK_TICKING,done,done,unloaded,no_ticket,false,0,no_ticket,32,0,0
-3,-3,33,true,minecraft:full,FULL,done,unloaded,unloaded,no_ticket,false,0,no_ticket,33,0,0
-3,-2,33,true,minecraft:full,FULL,done,unloaded,unloaded,no_ticket,false,0,no_ticket,33,0,0
-3,-1,33,true,minecraft:full,FULL,done,unloaded,unloaded,no_ticket,false,0,no_ticket,33,0,0
-2,-3,33,true,minecraft:full,FULL,done,unloaded,unloaded,no_ticket,false,0,no_ticket,33,0,0
-1,-3,33,true,minecraft:full,FULL,done,unloaded,unloaded,no_ticket,false,2,no_ticket,33,0,0
-3,0,33,true,minecraft:full,FULL,done,unloaded,unloaded,no_ticket,false,0,no_ticket,33,0,0
-3,1,33,true,minecraft:full,FULL,done,unloaded,unloaded,no_ticket,false,0,no_ticket,33,0,0
0,-3,33,true,minecraft:full,FULL,done,unloaded,unloaded,no_ticket,false,1,no_ticket,33,0,0
1,-3,33,true,minecraft:full,FULL,done,unloaded,unloaded,no_ticket,false,0,no_ticket,33,0,0
-3,2,33,true,minecraft:full,FULL,done,unloaded,unloaded,no_ticket,false,0,no_ticket,33,0,0
-3,3,33,true,minecraft:full,FULL,done,unloaded,unloaded,no_ticket,false,0,no_ticket,33,0,0
-2,3,33,true,minecraft:full,FULL,done,unloaded,unloaded,no_ticket,false,0,no_ticket,33,0,0
-1,3,33,true,minecraft:full,FULL,done,unloaded,unloaded,no_ticket,false,3,no_ticket,33,0,0
0,3,33,true,minecraft:full,FULL,done,unloaded,unloaded,no_ticket,false,1,no_ticket,33,0,0
1,3,33,true,minecraft:full,FULL,done,unloaded,unloaded,no_ticket,false,0,no_ticket,33,0,0
2,-3,33,true,minecraft:full,FULL,done,unloaded,unloaded,no_ticket,false,0,no_ticket,33,0,0
2,3,33,true,minecraft:full,FULL,done,unloaded,unloaded,no_ticket,false,0,no_ticket,33,0,0
3,-3,33,true,minecraft:full,FULL,done,unloaded,unloaded,no_ticket,false,0,no_ticket,33,0,0
3,-2,33,true,minecraft:full,FULL,done,unloaded,unloaded,no_ticket,false,0,no_ticket,33,0,0
3,-1,33,true,minecraft:full,FULL,done,unloaded,unloaded,no_ticket,false,0,no_ticket,33,0,0
3,0,33,true,minecraft:full,FULL,done,unloaded,unloaded,no_ticket,false,0,no_ticket,33,0,0
3,1,33,true,minecraft:full,FULL,done,unloaded,unloaded,no_ticket,false,0,no_ticket,33,0,0
3,2,33,true,minecraft:full,FULL,done,unloaded,unloaded,no_ticket,false,0,no_ticket,33,0,0
3,3,33,true,minecraft:full,FULL,done,unloaded,unloaded,no_ticket,false,1,no_ticket,33,0,0
-4,-4,34,true,minecraft:full,INACCESSIBLE,unloaded,unloaded,unloaded,no_ticket,false,0,no_ticket,33,0,0
-4,-3,34,true,minecraft:full,INACCESSIBLE,unloaded,unloaded,unloaded,no_ticket,false,0,no_ticket,33,0,0
-4,-2,34,true,minecraft:full,INACCESSIBLE,unloaded,unloaded,unloaded,no_ticket,false,0,no_ticket,33,0,0
-3,-4,34,true,minecraft:full,INACCESSIBLE,unloaded,unloaded,unloaded,no_ticket,false,0,no_ticket,33,0,0
-2,-4,34,true,minecraft:full,INACCESSIBLE,unloaded,unloaded,unloaded,no_ticket,false,0,no_ticket,33,0,0
-4,-1,34,true,minecraft:full,INACCESSIBLE,unloaded,unloaded,unloaded,no_ticket,false,0,no_ticket,33,0,0
-4,0,34,true,minecraft:full,INACCESSIBLE,unloaded,unloaded,unloaded,no_ticket,false,0,no_ticket,33,0,0
-1,-4,34,true,minecraft:full,INACCESSIBLE,unloaded,unloaded,unloaded,no_ticket,false,0,no_ticket,33,0,0
0,-4,34,true,minecraft:full,[null],unloaded,unloaded,unloaded,no_ticket,false,0,no_ticket,33,0,0
-4,1,34,true,minecraft:full,INACCESSIBLE,unloaded,unloaded,unloaded,no_ticket,false,0,no_ticket,33,0,0
-4,2,34,true,minecraft:full,INACCESSIBLE,unloaded,unloaded,unloaded,no_ticket,false,0,no_ticket,33,0,0
1,-4,34,true,minecraft:full,[null],unloaded,unloaded,unloaded,no_ticket,false,0,no_ticket,33,0,0
2,-4,34,true,minecraft:full,[null],unloaded,unloaded,unloaded,no_ticket,false,0,no_ticket,33,0,0
-4,3,34,true,minecraft:full,INACCESSIBLE,unloaded,unloaded,unloaded,no_ticket,false,0,no_ticket,33,0,0
-4,4,34,true,minecraft:full,INACCESSIBLE,unloaded,unloaded,unloaded,no_ticket,false,0,no_ticket,33,0,0
-3,4,34,true,minecraft:full,INACCESSIBLE,unloaded,unloaded,unloaded,no_ticket,false,0,no_ticket,33,0,0
-2,4,34,true,minecraft:full,INACCESSIBLE,unloaded,unloaded,unloaded,no_ticket,false,0,no_ticket,33,0,0
-1,4,34,true,minecraft:full,INACCESSIBLE,unloaded,unloaded,unloaded,no_ticket,false,1,no_ticket,33,0,0
0,4,34,true,minecraft:full,INACCESSIBLE,unloaded,unloaded,unloaded,no_ticket,false,5,no_ticket,33,0,0
1,4,34,true,minecraft:full,INACCESSIBLE,unloaded,unloaded,unloaded,no_ticket,false,1,no_ticket,33,0,0
2,4,34,true,minecraft:full,INACCESSIBLE,unloaded,unloaded,unloaded,no_ticket,false,0,no_ticket,33,0,0
3,-4,34,true,minecraft:full,[null],unloaded,unloaded,unloaded,no_ticket,false,0,no_ticket,33,0,0
3,4,34,true,minecraft:full,INACCESSIBLE,unloaded,unloaded,unloaded,no_ticket,false,4,no_ticket,33,0,0
4,-4,34,true,minecraft:full,[null],unloaded,unloaded,unloaded,no_ticket,false,0,no_ticket,33,0,0
4,-3,34,true,minecraft:full,[null],unloaded,unloaded,unloaded,no_ticket,false,0,no_ticket,33,0,0
4,-2,34,true,minecraft:full,[null],unloaded,unloaded,unloaded,no_ticket,false,0,no_ticket,33,0,0
4,-1,34,true,minecraft:full,[null],unloaded,unloaded,unloaded,no_ticket,false,0,no_ticket,33,0,0
4,0,34,true,minecraft:full,[null],unloaded,unloaded,unloaded,no_ticket,false,0,no_ticket,33,0,0
4,1,34,true,minecraft:full,[null],unloaded,unloaded,unloaded,no_ticket,false,0,no_ticket,33,0,0
4,2,34,true,minecraft:full,INACCESSIBLE,unloaded,unloaded,unloaded,no_ticket,false,0,no_ticket,33,0,0
4,3,34,true,minecraft:full,INACCESSIBLE,unloaded,unloaded,unloaded,no_ticket,false,0,no_ticket,33,0,0
4,4,34,true,minecraft:full,INACCESSIBLE,unloaded,unloaded,unloaded,no_ticket,false,2,no_ticket,33,0,0
-5,-5,35,true,minecraft:full,INACCESSIBLE,unloaded,unloaded,unloaded,no_ticket,false,0,no_ticket,33,0,0
-5,-4,35,true,minecraft:full,INACCESSIBLE,unloaded,unloaded,unloaded,no_ticket,false,0,no_ticket,33,0,0
-5,-3,35,true,minecraft:full,INACCESSIBLE,unloaded,unloaded,unloaded,no_ticket,false,0,no_ticket,33,0,0
-4,-5,35,true,minecraft:full,INACCESSIBLE,unloaded,unloaded,unloaded,no_ticket,false,0,no_ticket,33,0,0
-3,-5,35,true,minecraft:full,INACCESSIBLE,unloaded,unloaded,unloaded,no_ticket,false,0,no_ticket,33,0,0
-5,-2,35,true,minecraft:full,INACCESSIBLE,unloaded,unloaded,unloaded,no_ticket,false,0,no_ticket,33,0,0
-5,-1,35,true,minecraft:full,INACCESSIBLE,unloaded,unloaded,unloaded,no_ticket,false,0,no_ticket,33,0,0
-2,-5,35,true,minecraft:full,INACCESSIBLE,unloaded,unloaded,unloaded,no_ticket,false,0,no_ticket,33,0,0
-1,-5,35,true,minecraft:full,[null],unloaded,unloaded,unloaded,no_ticket,false,0,no_ticket,33,0,0
-5,0,35,true,minecraft:full,INACCESSIBLE,unloaded,unloaded,unloaded,no_ticket,false,0,no_ticket,33,0,0
-5,1,35,true,minecraft:full,INACCESSIBLE,unloaded,unloaded,unloaded,no_ticket,false,0,no_ticket,33,0,0
0,-5,35,true,minecraft:full,[null],unloaded,unloaded,unloaded,no_ticket,false,0,no_ticket,33,0,0
1,-5,35,false,[null],[null],unloaded,unloaded,unloaded,no_ticket,false,0,no_ticket,33,0,0
-5,2,35,true,minecraft:full,INACCESSIBLE,unloaded,unloaded,unloaded,no_ticket,false,0,no_ticket,33,0,0
-5,3,35,true,minecraft:full,INACCESSIBLE,unloaded,unloaded,unloaded,no_ticket,false,0,no_ticket,33,0,0
2,-5,35,false,[null],[null],unloaded,unloaded,unloaded,no_ticket,false,0,no_ticket,33,0,0
3,-5,35,false,[null],[null],unloaded,unloaded,unloaded,no_ticket,false,0,no_ticket,33,0,0
-5,4,35,true,minecraft:full,INACCESSIBLE,unloaded,unloaded,unloaded,no_ticket,false,0,no_ticket,33,0,0
-5,5,35,true,minecraft:full,INACCESSIBLE,unloaded,unloaded,unloaded,no_ticket,false,0,no_ticket,33,0,0
-4,5,35,true,minecraft:full,INACCESSIBLE,unloaded,unloaded,unloaded,no_ticket,false,0,no_ticket,33,0,0
-3,5,35,true,minecraft:full,INACCESSIBLE,unloaded,unloaded,unloaded,no_ticket,false,0,no_ticket,33,0,0
-2,5,35,true,minecraft:full,INACCESSIBLE,unloaded,unloaded,unloaded,no_ticket,false,0,no_ticket,33,0,0
-1,5,35,true,minecraft:full,INACCESSIBLE,unloaded,unloaded,unloaded,no_ticket,false,0,no_ticket,33,0,0
0,5,35,true,minecraft:full,INACCESSIBLE,unloaded,unloaded,unloaded,no_ticket,false,0,no_ticket,33,0,0
1,5,35,true,minecraft:full,INACCESSIBLE,unloaded,unloaded,unloaded,no_ticket,false,0,no_ticket,33,0,0
2,5,35,true,minecraft:full,INACCESSIBLE,unloaded,unloaded,unloaded,no_ticket,false,0,no_ticket,33,0,0
3,5,35,true,minecraft:full,INACCESSIBLE,unloaded,unloaded,unloaded,no_ticket,false,2,no_ticket,33,0,0
4,-5,35,false,[null],[null],unloaded,unloaded,unloaded,no_ticket,false,0,no_ticket,33,0,0
4,5,35,true,minecraft:full,INACCESSIBLE,unloaded,unloaded,unloaded,no_ticket,false,4,no_ticket,33,0,0
5,-5,35,false,[null],[null],unloaded,unloaded,unloaded,no_ticket,false,0,no_ticket,33,0,0
5,-4,35,false,[null],[null],unloaded,unloaded,unloaded,no_ticket,false,0,no_ticket,33,0,0
5,-3,35,false,[null],[null],unloaded,unloaded,unloaded,no_ticket,false,0,no_ticket,33,0,0
5,-2,35,false,[null],[null],unloaded,unloaded,unloaded,no_ticket,false,0,no_ticket,33,0,0
5,-1,35,false,[null],[null],unloaded,unloaded,unloaded,no_ticket,false,0,no_ticket,33,0,0
5,0,35,false,[null],[null],unloaded,unloaded,unloaded,no_ticket,false,0,no_ticket,33,0,0
5,1,35,true,minecraft:full,[null],unloaded,unloaded,unloaded,no_ticket,false,0,no_ticket,33,0,0
5,2,35,true,minecraft:full,INACCESSIBLE,unloaded,unloaded,unloaded,no_ticket,false,0,no_ticket,33,0,0
5,3,35,true,minecraft:full,INACCESSIBLE,unloaded,unloaded,unloaded,no_ticket,false,0,no_ticket,33,0,0
5,4,35,true,minecraft:full,INACCESSIBLE,unloaded,unloaded,unloaded,no_ticket,false,0,no_ticket,33,0,0
5,5,35,true,minecraft:full,INACCESSIBLE,unloaded,unloaded,unloaded,no_ticket,false,0,no_ticket,33,0,0
-6,-6,36,true,minecraft:full,INACCESSIBLE,unloaded,unloaded,unloaded,no_ticket,false,0,no_ticket,33,0,0
-6,-5,36,true,minecraft:full,INACCESSIBLE,unloaded,unloaded,unloaded,no_ticket,false,0,no_ticket,33,0,0
-6,-4,36,true,minecraft:full,INACCESSIBLE,unloaded,unloaded,unloaded,no_ticket,false,0,no_ticket,33,0,0
-5,-6,36,true,minecraft:full,INACCESSIBLE,unloaded,unloaded,unloaded,no_ticket,false,0,no_ticket,33,0,0
-4,-6,36,true,minecraft:full,[null],unloaded,unloaded,unloaded,no_ticket,false,0,no_ticket,33,0,0
-6,-3,36,true,minecraft:full,INACCESSIBLE,unloaded,unloaded,unloaded,no_ticket,false,0,no_ticket,33,0,0
-6,-2,36,true,minecraft:full,INACCESSIBLE,unloaded,unloaded,unloaded,no_ticket,false,0,no_ticket,33,0,0
-3,-6,36,true,minecraft:full,[null],unloaded,unloaded,unloaded,no_ticket,false,0,no_ticket,33,0,0
-2,-6,36,true,minecraft:full,[null],unloaded,unloaded,unloaded,no_ticket,false,0,no_ticket,33,0,0
-6,-1,36,true,minecraft:full,INACCESSIBLE,unloaded,unloaded,unloaded,no_ticket,false,0,no_ticket,33,0,0
-6,0,36,true,minecraft:full,INACCESSIBLE,unloaded,unloaded,unloaded,no_ticket,false,0,no_ticket,33,0,0
-1,-6,36,true,minecraft:full,[null],unloaded,unloaded,unloaded,no_ticket,false,0,no_ticket,33,0,0
0,-6,36,false,[null],[null],unloaded,unloaded,unloaded,no_ticket,false,0,no_ticket,33,0,0
-6,1,36,true,minecraft:full,INACCESSIBLE,unloaded,unloaded,unloaded,no_ticket,false,0,no_ticket,33,0,0
-6,2,36,true,minecraft:full,INACCESSIBLE,unloaded,unloaded,unloaded,no_ticket,false,0,no_ticket,33,0,0
1,-6,36,false,[null],[null],unloaded,unloaded,unloaded,no_ticket,false,0,no_ticket,33,0,0
2,-6,36,false,[null],[null],unloaded,unloaded,unloaded,no_ticket,false,0,no_ticket,33,0,0
-6,3,36,true,minecraft:full,INACCESSIBLE,unloaded,unloaded,unloaded,no_ticket,false,0,no_ticket,33,0,0
-6,4,36,true,minecraft:full,INACCESSIBLE,unloaded,unloaded,unloaded,no_ticket,false,0,no_ticket,33,0,0
3,-6,36,false,[null],[null],unloaded,unloaded,unloaded,no_ticket,false,0,no_ticket,33,0,0
4,-6,36,false,[null],[null],unloaded,unloaded,unloaded,no_ticket,false,0,no_ticket,33,0,0
-6,5,36,true,minecraft:full,INACCESSIBLE,unloaded,unloaded,unloaded,no_ticket,false,0,no_ticket,33,0,0
-6,6,36,true,minecraft:full,INACCESSIBLE,unloaded,unloaded,unloaded,no_ticket,false,0,no_ticket,33,0,0
-5,6,36,true,minecraft:full,INACCESSIBLE,unloaded,unloaded,unloaded,no_ticket,false,0,no_ticket,33,0,0
-4,6,36,true,minecraft:full,INACCESSIBLE,unloaded,unloaded,unloaded,no_ticket,false,0,no_ticket,33,0,0
-3,6,36,true,minecraft:full,INACCESSIBLE,unloaded,unloaded,unloaded,no_ticket,false,0,no_ticket,33,0,0
-2,6,36,true,minecraft:full,INACCESSIBLE,unloaded,unloaded,unloaded,no_ticket,false,0,no_ticket,33,0,0
-1,6,36,true,minecraft:full,INACCESSIBLE,unloaded,unloaded,unloaded,no_ticket,false,0,no_ticket,33,0,0
0,6,36,true,minecraft:full,INACCESSIBLE,unloaded,unloaded,unloaded,no_ticket,false,0,no_ticket,33,0,0
1,6,36,true,minecraft:full,INACCESSIBLE,unloaded,unloaded,unloaded,no_ticket,false,0,no_ticket,33,0,0
2,6,36,true,minecraft:full,INACCESSIBLE,unloaded,unloaded,unloaded,no_ticket,false,0,no_ticket,33,0,0
3,6,36,true,minecraft:full,INACCESSIBLE,unloaded,unloaded,unloaded,no_ticket,false,0,no_ticket,33,0,0
4,6,36,true,minecraft:full,INACCESSIBLE,unloaded,unloaded,unloaded,no_ticket,false,3,no_ticket,33,0,0
5,-6,36,false,[null],[null],unloaded,unloaded,unloaded,no_ticket,false,0,no_ticket,33,0,0
5,6,36,true,minecraft:full,INACCESSIBLE,unloaded,unloaded,unloaded,no_ticket,false,0,no_ticket,33,0,0
6,-6,36,false,[null],[null],unloaded,unloaded,unloaded,no_ticket,false,0,no_ticket,33,0,0
6,-5,36,false,[null],[null],unloaded,unloaded,unloaded,no_ticket,false,0,no_ticket,33,0,0
6,-4,36,false,[null],[null],unloaded,unloaded,unloaded,no_ticket,false,0,no_ticket,33,0,0
6,-3,36,false,[null],[null],unloaded,unloaded,unloaded,no_ticket,false,0,no_ticket,33,0,0
6,-2,36,false,[null],[null],unloaded,unloaded,unloaded,no_ticket,false,0,no_ticket,33,0,0
6,-1,36,false,[null],[null],unloaded,unloaded,unloaded,no_ticket,false,0,no_ticket,33,0,0
6,0,36,false,[null],[null],unloaded,unloaded,unloaded,no_ticket,false,0,no_ticket,33,0,0
6,1,36,true,minecraft:full,[null],unloaded,unloaded,unloaded,no_ticket,false,0,no_ticket,33,0,0
6,2,36,true,minecraft:full,INACCESSIBLE,unloaded,unloaded,unloaded,no_ticket,false,0,no_ticket,33,0,0
6,3,36,true,minecraft:full,INACCESSIBLE,unloaded,unloaded,unloaded,no_ticket,false,0,no_ticket,33,0,0
6,4,36,true,minecraft:full,INACCESSIBLE,unloaded,unloaded,unloaded,no_ticket,false,0,no_ticket,33,0,0
6,5,36,true,minecraft:full,INACCESSIBLE,unloaded,unloaded,unloaded,no_ticket,false,0,no_ticket,33,0,0
6,6,36,true,minecraft:full,INACCESSIBLE,unloaded,unloaded,unloaded,no_ticket,false,0,no_ticket,33,0,0
-7,-7,37,true,minecraft:full,INACCESSIBLE,unloaded,unloaded,unloaded,no_ticket,false,0,no_ticket,33,0,0
-7,-6,37,true,minecraft:full,INACCESSIBLE,unloaded,unloaded,unloaded,no_ticket,false,0,no_ticket,33,0,0
-7,-5,37,true,minecraft:full,INACCESSIBLE,unloaded,unloaded,unloaded,no_ticket,false,0,no_ticket,33,0,0
-6,-7,37,true,minecraft:full,[null],unloaded,unloaded,unloaded,no_ticket,false,0,no_ticket,33,0,0
-5,-7,37,true,minecraft:full,[null],unloaded,unloaded,unloaded,no_ticket,false,0,no_ticket,33,0,0
-7,-4,37,true,minecraft:full,INACCESSIBLE,unloaded,unloaded,unloaded,no_ticket,false,0,no_ticket,33,0,0
-7,-3,37,true,minecraft:full,INACCESSIBLE,unloaded,unloaded,unloaded,no_ticket,false,0,no_ticket,33,0,0
-4,-7,37,true,minecraft:full,[null],unloaded,unloaded,unloaded,no_ticket,false,0,no_ticket,33,0,0
-3,-7,37,false,[null],[null],unloaded,unloaded,unloaded,no_ticket,false,0,no_ticket,33,0,0
-7,-2,37,true,minecraft:full,INACCESSIBLE,unloaded,unloaded,unloaded,no_ticket,false,0,no_ticket,33,0,0
-7,-1,37,true,minecraft:full,INACCESSIBLE,unloaded,unloaded,unloaded,no_ticket,false,0,no_ticket,33,0,0
-2,-7,37,false,[null],[null],unloaded,unloaded,unloaded,no_ticket,false,0,no_ticket,33,0,0
-1,-7,37,false,[null],[null],unloaded,unloaded,unloaded,no_ticket,false,0,no_ticket,33,0,0
-7,0,37,true,minecraft:full,INACCESSIBLE,unloaded,unloaded,unloaded,no_ticket,false,0,no_ticket,33,0,0
-7,1,37,true,minecraft:full,INACCESSIBLE,unloaded,unloaded,unloaded,no_ticket,false,0,no_ticket,33,0,0
0,-7,37,false,[null],[null],unloaded,unloaded,unloaded,no_ticket,false,0,no_ticket,33,0,0
1,-7,37,false,[null],[null],unloaded,unloaded,unloaded,no_ticket,false,0,no_ticket,33,0,0
-7,2,37,true,minecraft:full,INACCESSIBLE,unloaded,unloaded,unloaded,no_ticket,false,0,no_ticket,33,0,0
-7,3,37,true,minecraft:full,INACCESSIBLE,unloaded,unloaded,unloaded,no_ticket,false,0,no_ticket,33,0,0
2,-7,37,false,[null],[null],unloaded,unloaded,unloaded,no_ticket,false,0,no_ticket,33,0,0
3,-7,37,false,[null],[null],unloaded,unloaded,unloaded,no_ticket,false,0,no_ticket,33,0,0
-7,4,37,true,minecraft:full,INACCESSIBLE,unloaded,unloaded,unloaded,no_ticket,false,0,no_ticket,33,0,0
-7,5,37,true,minecraft:full,INACCESSIBLE,unloaded,unloaded,unloaded,no_ticket,false,0,no_ticket,33,0,0
4,-7,37,false,[null],[null],unloaded,unloaded,unloaded,no_ticket,false,0,no_ticket,33,0,0
5,-7,37,false,[null],[null],unloaded,unloaded,unloaded,no_ticket,false,0,no_ticket,33,0,0
-7,6,37,true,minecraft:full,INACCESSIBLE,unloaded,unloaded,unloaded,no_ticket,false,0,no_ticket,33,0,0
-7,7,37,true,minecraft:full,INACCESSIBLE,unloaded,unloaded,unloaded,no_ticket,false,0,no_ticket,33,0,0
-6,7,37,true,minecraft:full,INACCESSIBLE,unloaded,unloaded,unloaded,no_ticket,false,0,no_ticket,33,0,0
-5,7,37,true,minecraft:full,INACCESSIBLE,unloaded,unloaded,unloaded,no_ticket,false,1,no_ticket,33,0,0
-4,7,37,true,minecraft:full,INACCESSIBLE,unloaded,unloaded,unloaded,no_ticket,false,1,no_ticket,33,0,0
-3,7,37,true,minecraft:full,INACCESSIBLE,unloaded,unloaded,unloaded,no_ticket,false,0,no_ticket,33,0,0
-2,7,37,true,minecraft:full,INACCESSIBLE,unloaded,unloaded,unloaded,no_ticket,false,0,no_ticket,33,0,0
-1,7,37,true,minecraft:full,INACCESSIBLE,unloaded,unloaded,unloaded,no_ticket,false,0,no_ticket,33,0,0
0,7,37,true,minecraft:full,INACCESSIBLE,unloaded,unloaded,unloaded,no_ticket,false,0,no_ticket,33,0,0
1,7,37,true,minecraft:full,INACCESSIBLE,unloaded,unloaded,unloaded,no_ticket,false,0,no_ticket,33,0,0
2,7,37,true,minecraft:full,INACCESSIBLE,unloaded,unloaded,unloaded,no_ticket,false,0,no_ticket,33,0,0
3,7,37,true,minecraft:full,INACCESSIBLE,unloaded,unloaded,unloaded,no_ticket,false,0,no_ticket,33,0,0
4,7,37,true,minecraft:full,INACCESSIBLE,unloaded,unloaded,unloaded,no_ticket,false,0,no_ticket,33,0,0
5,7,37,true,minecraft:full,INACCESSIBLE,unloaded,unloaded,unloaded,no_ticket,false,0,no_ticket,33,0,0
6,-7,37,false,[null],[null],unloaded,unloaded,unloaded,no_ticket,false,0,no_ticket,33,0,0
6,7,37,true,minecraft:full,INACCESSIBLE,unloaded,unloaded,unloaded,no_ticket,false,0,no_ticket,33,0,0
7,-7,37,false,[null],[null],unloaded,unloaded,unloaded,no_ticket,false,0,no_ticket,33,0,0
7,-6,37,false,[null],[null],unloaded,unloaded,unloaded,no_ticket,false,0,no_ticket,33,0,0
7,-5,37,false,[null],[null],unloaded,unloaded,unloaded,no_ticket,false,0,no_ticket,33,0,0
7,-4,37,false,[null],[null],unloaded,unloaded,unloaded,no_ticket,false,0,no_ticket,33,0,0
7,-3,37,false,[null],[null],unloaded,unloaded,unloaded,no_ticket,false,0,no_ticket,33,0,0
7,-2,37,false,[null],[null],unloaded,unloaded,unloaded,no_ticket,false,0,no_ticket,33,0,0
7,-1,37,false,[null],[null],unloaded,unloaded,unloaded,no_ticket,false,0,no_ticket,33,0,0
7,0,37,false,[null],[null],unloaded,unloaded,unloaded,no_ticket,false,0,no_ticket,33,0,0
7,1,37,true,minecraft:full,[null],unloaded,unloaded,unloaded,no_ticket,false,0,no_ticket,33,0,0
7,2,37,true,minecraft:full,INACCESSIBLE,unloaded,unloaded,unloaded,no_ticket,false,3,no_ticket,33,0,0
7,3,37,true,minecraft:full,INACCESSIBLE,unloaded,unloaded,unloaded,no_ticket,false,2,no_ticket,33,0,0
7,4,37,true,minecraft:full,INACCESSIBLE,unloaded,unloaded,unloaded,no_ticket,false,0,no_ticket,33,0,0
7,5,37,true,minecraft:full,INACCESSIBLE,unloaded,unloaded,unloaded,no_ticket,false,0,no_ticket,33,0,0
7,6,37,true,minecraft:full,INACCESSIBLE,unloaded,unloaded,unloaded,no_ticket,false,0,no_ticket,33,0,0
7,7,37,true,minecraft:full,INACCESSIBLE,unloaded,unloaded,unloaded,no_ticket,false,0,no_ticket,33,0,0
-8,-8,38,true,minecraft:full,INACCESSIBLE,unloaded,unloaded,unloaded,no_ticket,false,0,no_ticket,33,0,0
-8,-7,38,true,minecraft:full,INACCESSIBLE,unloaded,unloaded,unloaded,no_ticket,false,0,no_ticket,33,0,0
-8,-6,38,true,minecraft:full,INACCESSIBLE,unloaded,unloaded,unloaded,no_ticket,false,0,no_ticket,33,0,0
-7,-8,38,true,minecraft:full,[null],unloaded,unloaded,unloaded,no_ticket,false,0,no_ticket,33,0,0
-6,-8,38,true,minecraft:full,[null],unloaded,unloaded,unloaded,no_ticket,false,0,no_ticket,33,0,0
-8,-5,38,true,minecraft:full,INACCESSIBLE,unloaded,unloaded,unloaded,no_ticket,false,0,no_ticket,33,0,0
-8,-4,38,true,minecraft:full,INACCESSIBLE,unloaded,unloaded,unloaded,no_ticket,false,0,no_ticket,33,0,0
-5,-8,38,false,[null],[null],unloaded,unloaded,unloaded,no_ticket,false,0,no_ticket,33,0,0
-4,-8,38,false,[null],[null],unloaded,unloaded,unloaded,no_ticket,false,0,no_ticket,33,0,0
-8,-3,38,true,minecraft:full,INACCESSIBLE,unloaded,unloaded,unloaded,no_ticket,false,0,no_ticket,33,0,0
-8,-2,38,true,minecraft:full,INACCESSIBLE,unloaded,unloaded,unloaded,no_ticket,false,0,no_ticket,33,0,0
-3,-8,38,false,[null],[null],unloaded,unloaded,unloaded,no_ticket,false,0,no_ticket,33,0,0
-2,-8,38,false,[null],[null],unloaded,unloaded,unloaded,no_ticket,false,0,no_ticket,33,0,0
-8,-1,38,true,minecraft:full,INACCESSIBLE,unloaded,unloaded,unloaded,no_ticket,false,0,no_ticket,33,0,0
-8,0,38,true,minecraft:full,INACCESSIBLE,unloaded,unloaded,unloaded,no_ticket,false,0,no_ticket,33,0,0
-1,-8,38,false,[null],[null],unloaded,unloaded,unloaded,no_ticket,false,0,no_ticket,33,0,0
0,-8,38,false,[null],[null],unloaded,unloaded,unloaded,no_ticket,false,0,no_ticket,33,0,0
-8,1,38,true,minecraft:full,INACCESSIBLE,unloaded,unloaded,unloaded,no_ticket,false,0,no_ticket,33,0,0
-8,2,38,true,minecraft:full,INACCESSIBLE,unloaded,unloaded,unloaded,no_ticket,false,0,no_ticket,33,0,0
1,-8,38,false,[null],[null],unloaded,unloaded,unloaded,no_ticket,false,0,no_ticket,33,0,0
2,-8,38,false,[null],[null],unloaded,unloaded,unloaded,no_ticket,false,0,no_ticket,33,0,0
-8,3,38,true,minecraft:full,INACCESSIBLE,unloaded,unloaded,unloaded,no_ticket,false,0,no_ticket,33,0,0
-8,4,38,true,minecraft:full,INACCESSIBLE,unloaded,unloaded,unloaded,no_ticket,false,0,no_ticket,33,0,0
3,-8,38,false,[null],[null],unloaded,unloaded,unloaded,no_ticket,false,0,no_ticket,33,0,0
4,-8,38,false,[null],[null],unloaded,unloaded,unloaded,no_ticket,false,0,no_ticket,33,0,0
-8,5,38,true,minecraft:full,INACCESSIBLE,unloaded,unloaded,unloaded,no_ticket,false,0,no_ticket,33,0,0
-8,6,38,true,minecraft:full,INACCESSIBLE,unloaded,unloaded,unloaded,no_ticket,false,0,no_ticket,33,0,0
5,-8,38,false,[null],[null],unloaded,unloaded,unloaded,no_ticket,false,0,no_ticket,33,0,0
6,-8,38,false,[null],[null],unloaded,unloaded,unloaded,no_ticket,false,0,no_ticket,33,0,0
-8,7,38,true,minecraft:full,INACCESSIBLE,unloaded,unloaded,unloaded,no_ticket,false,0,no_ticket,33,0,0
-8,8,38,true,minecraft:full,INACCESSIBLE,unloaded,unloaded,unloaded,no_ticket,false,0,no_ticket,33,0,0
-7,8,38,true,minecraft:full,INACCESSIBLE,unloaded,unloaded,unloaded,no_ticket,false,0,no_ticket,33,0,0
-6,8,38,true,minecraft:full,INACCESSIBLE,unloaded,unloaded,unloaded,no_ticket,false,0,no_ticket,33,0,0
-5,8,38,true,minecraft:full,INACCESSIBLE,unloaded,unloaded,unloaded,no_ticket,false,0,no_ticket,33,0,0
-4,8,38,true,minecraft:full,INACCESSIBLE,unloaded,unloaded,unloaded,no_ticket,false,0,no_ticket,33,0,0
-3,8,38,true,minecraft:full,INACCESSIBLE,unloaded,unloaded,unloaded,no_ticket,false,0,no_ticket,33,0,0
-2,8,38,true,minecraft:full,INACCESSIBLE,unloaded,unloaded,unloaded,no_ticket,false,0,no_ticket,33,0,0
-1,8,38,true,minecraft:full,INACCESSIBLE,unloaded,unloaded,unloaded,no_ticket,false,0,no_ticket,33,0,0
0,8,38,true,minecraft:full,INACCESSIBLE,unloaded,unloaded,unloaded,no_ticket,false,0,no_ticket,33,0,0
1,8,38,true,minecraft:full,INACCESSIBLE,unloaded,unloaded,unloaded,no_ticket,false,0,no_ticket,33,0,0
2,8,38,true,minecraft:full,INACCESSIBLE,unloaded,unloaded,unloaded,no_ticket,false,0,no_ticket,33,0,0
3,8,38,true,minecraft:full,INACCESSIBLE,unloaded,unloaded,unloaded,no_ticket,false,0,no_ticket,33,0,0
4,8,38,true,minecraft:full,INACCESSIBLE,unloaded,unloaded,unloaded,no_ticket,false,0,no_ticket,33,0,0
5,8,38,true,minecraft:full,INACCESSIBLE,unloaded,unloaded,unloaded,no_ticket,false,0,no_ticket,33,0,0
6,8,38,true,minecraft:full,INACCESSIBLE,unloaded,unloaded,unloaded,no_ticket,false,0,no_ticket,33,0,0
7,-8,38,false,[null],[null],unloaded,unloaded,unloaded,no_ticket,false,0,no_ticket,33,0,0
7,8,38,true,minecraft:full,INACCESSIBLE,unloaded,unloaded,unloaded,no_ticket,false,0,no_ticket,33,0,0
8,-8,38,false,[null],[null],unloaded,unloaded,unloaded,no_ticket,false,0,no_ticket,33,0,0
8,-7,38,false,[null],[null],unloaded,unloaded,unloaded,no_ticket,false,0,no_ticket,33,0,0
8,-6,38,false,[null],[null],unloaded,unloaded,unloaded,no_ticket,false,0,no_ticket,33,0,0
8,-5,38,false,[null],[null],unloaded,unloaded,unloaded,no_ticket,false,0,no_ticket,33,0,0
8,-4,38,false,[null],[null],unloaded,unloaded,unloaded,no_ticket,false,0,no_ticket,33,0,0
8,-3,38,false,[null],[null],unloaded,unloaded,unloaded,no_ticket,false,0,no_ticket,33,0,0
8,-2,38,false,[null],[null],unloaded,unloaded,unloaded,no_ticket,false,0,no_ticket,33,0,0
8,-1,38,false,[null],[null],unloaded,unloaded,unloaded,no_ticket,false,0,no_ticket,33,0,0
8,0,38,false,[null],[null],unloaded,unloaded,unloaded,no_ticket,false,0,no_ticket,33,0,0
8,1,38,true,minecraft:full,[null],unloaded,unloaded,unloaded,no_ticket,false,0,no_ticket,33,0,0
8,2,38,true,minecraft:full,INACCESSIBLE,unloaded,unloaded,unloaded,no_ticket,false,0,no_ticket,33,0,0
8,3,38,true,minecraft:full,INACCESSIBLE,unloaded,unloaded,unloaded,no_ticket,false,0,no_ticket,33,0,0
8,4,38,true,minecraft:full,INACCESSIBLE,unloaded,unloaded,unloaded,no_ticket,false,0,no_ticket,33,0,0
8,5,38,true,minecraft:full,INACCESSIBLE,unloaded,unloaded,unloaded,no_ticket,false,0,no_ticket,33,0,0
8,6,38,true,minecraft:full,INACCESSIBLE,unloaded,unloaded,unloaded,no_ticket,false,0,no_ticket,33,0,0
8,7,38,true,minecraft:full,INACCESSIBLE,unloaded,unloaded,unloaded,no_ticket,false,0,no_ticket,33,0,0
8,8,38,true,minecraft:full,INACCESSIBLE,unloaded,unloaded,unloaded,no_ticket,false,0,no_ticket,33,0,0
-9,-9,39,true,minecraft:full,INACCESSIBLE,unloaded,unloaded,unloaded,no_ticket,false,0,no_ticket,33,0,0
-9,-8,39,true,minecraft:full,INACCESSIBLE,unloaded,unloaded,unloaded,no_ticket,false,0,no_ticket,33,0,0
-9,-7,39,true,minecraft:full,INACCESSIBLE,unloaded,unloaded,unloaded,no_ticket,false,0,no_ticket,33,0,0
-8,-9,39,true,minecraft:full,[null],unloaded,unloaded,unloaded,no_ticket,false,0,no_ticket,33,0,0
-7,-9,39,true,minecraft:full,[null],unloaded,unloaded,unloaded,no_ticket,false,0,no_ticket,33,0,0
-9,-6,39,true,minecraft:full,INACCESSIBLE,unloaded,unloaded,unloaded,no_ticket,false,0,no_ticket,33,0,0
-9,-5,39,true,minecraft:full,INACCESSIBLE,unloaded,unloaded,unloaded,no_ticket,false,0,no_ticket,33,0,0
-6,-9,39,false,[null],[null],unloaded,unloaded,unloaded,no_ticket,false,0,no_ticket,33,0,0
-5,-9,39,false,[null],[null],unloaded,unloaded,unloaded,no_ticket,false,0,no_ticket,33,0,0
-9,-4,39,true,minecraft:full,INACCESSIBLE,unloaded,unloaded,unloaded,no_ticket,false,0,no_ticket,33,0,0
-9,-3,39,true,minecraft:full,INACCESSIBLE,unloaded,unloaded,unloaded,no_ticket,false,2,no_ticket,33,0,0
-4,-9,39,false,[null],[null],unloaded,unloaded,unloaded,no_ticket,false,0,no_ticket,33,0,0
-3,-9,39,false,[null],[null],unloaded,unloaded,unloaded,no_ticket,false,0,no_ticket,33,0,0
-9,-2,39,true,minecraft:full,INACCESSIBLE,unloaded,unloaded,unloaded,no_ticket,false,0,no_ticket,33,0,0
-9,-1,39,true,minecraft:full,INACCESSIBLE,unloaded,unloaded,unloaded,no_ticket,false,0,no_ticket,33,0,0
-2,-9,39,false,[null],[null],unloaded,unloaded,unloaded,no_ticket,false,0,no_ticket,33,0,0
-1,-9,39,false,[null],[null],unloaded,unloaded,unloaded,no_ticket,false,0,no_ticket,33,0,0
-9,0,39,true,minecraft:full,INACCESSIBLE,unloaded,unloaded,unloaded,no_ticket,false,0,no_ticket,33,0,0
-9,1,39,true,minecraft:full,INACCESSIBLE,unloaded,unloaded,unloaded,no_ticket,false,0,no_ticket,33,0,0
0,-9,39,false,[null],[null],unloaded,unloaded,unloaded,no_ticket,false,0,no_ticket,33,0,0
1,-9,39,false,[null],[null],unloaded,unloaded,unloaded,no_ticket,false,0,no_ticket,33,0,0
-9,2,39,true,minecraft:full,INACCESSIBLE,unloaded,unloaded,unloaded,no_ticket,false,0,no_ticket,33,0,0
-9,3,39,true,minecraft:full,INACCESSIBLE,unloaded,unloaded,unloaded,no_ticket,false,0,no_ticket,33,0,0
2,-9,39,false,[null],[null],unloaded,unloaded,unloaded,no_ticket,false,0,no_ticket,33,0,0
3,-9,39,false,[null],[null],unloaded,unloaded,unloaded,no_ticket,false,0,no_ticket,33,0,0
-9,4,39,true,minecraft:full,INACCESSIBLE,unloaded,unloaded,unloaded,no_ticket,false,3,no_ticket,33,0,0
-9,5,39,true,minecraft:full,INACCESSIBLE,unloaded,unloaded,unloaded,no_ticket,false,0,no_ticket,33,0,0
4,-9,39,false,[null],[null],unloaded,unloaded,unloaded,no_ticket,false,0,no_ticket,33,0,0
5,-9,39,false,[null],[null],unloaded,unloaded,unloaded,no_ticket,false,0,no_ticket,33,0,0
-9,6,39,true,minecraft:full,INACCESSIBLE,unloaded,unloaded,unloaded,no_ticket,false,0,no_ticket,33,0,0
-9,7,39,true,minecraft:full,INACCESSIBLE,unloaded,unloaded,unloaded,no_ticket,false,0,no_ticket,33,0,0
6,-9,39,false,[null],[null],unloaded,unloaded,unloaded,no_ticket,false,0,no_ticket,33,0,0
7,-9,39,false,[null],[null],unloaded,unloaded,unloaded,no_ticket,false,0,no_ticket,33,0,0
-9,8,39,true,minecraft:full,INACCESSIBLE,unloaded,unloaded,unloaded,no_ticket,false,0,no_ticket,33,0,0
-9,9,39,true,minecraft:full,INACCESSIBLE,unloaded,unloaded,unloaded,no_ticket,false,0,no_ticket,33,0,0
-8,9,39,true,minecraft:full,INACCESSIBLE,unloaded,unloaded,unloaded,no_ticket,false,0,no_ticket,33,0,0
-7,9,39,true,minecraft:full,INACCESSIBLE,unloaded,unloaded,unloaded,no_ticket,false,0,no_ticket,33,0,0
-6,9,39,true,minecraft:full,INACCESSIBLE,unloaded,unloaded,unloaded,no_ticket,false,0,no_ticket,33,0,0
-5,9,39,true,minecraft:full,INACCESSIBLE,unloaded,unloaded,unloaded,no_ticket,false,0,no_ticket,33,0,0
-4,9,39,true,minecraft:full,INACCESSIBLE,unloaded,unloaded,unloaded,no_ticket,false,0,no_ticket,33,0,0
-3,9,39,true,minecraft:full,INACCESSIBLE,unloaded,unloaded,unloaded,no_ticket,false,0,no_ticket,33,0,0
-2,9,39,true,minecraft:full,INACCESSIBLE,unloaded,unloaded,unloaded,no_ticket,false,0,no_ticket,33,0,0
-1,9,39,true,minecraft:full,INACCESSIBLE,unloaded,unloaded,unloaded,no_ticket,false,0,no_ticket,33,0,0
0,9,39,true,minecraft:full,INACCESSIBLE,unloaded,unloaded,unloaded,no_ticket,false,0,no_ticket,33,0,0
1,9,39,true,minecraft:full,INACCESSIBLE,unloaded,unloaded,unloaded,no_ticket,false,0,no_ticket,33,0,0
2,9,39,true,minecraft:full,INACCESSIBLE,unloaded,unloaded,unloaded,no_ticket,false,0,no_ticket,33,0,0
3,9,39,true,minecraft:full,INACCESSIBLE,unloaded,unloaded,unloaded,no_ticket,false,0,no_ticket,33,0,0
4,9,39,true,minecraft:full,INACCESSIBLE,unloaded,unloaded,unloaded,no_ticket,false,0,no_ticket,33,0,0
5,9,39,true,minecraft:full,INACCESSIBLE,unloaded,unloaded,unloaded,no_ticket,false,0,no_ticket,33,0,0
6,9,39,true,minecraft:full,INACCESSIBLE,unloaded,unloaded,unloaded,no_ticket,false,1,no_ticket,33,0,0
7,9,39,true,minecraft:full,INACCESSIBLE,unloaded,unloaded,unloaded,no_ticket,false,1,no_ticket,33,0,0
8,-9,39,false,[null],[null],unloaded,unloaded,unloaded,no_ticket,false,0,no_ticket,33,0,0
8,9,39,true,minecraft:full,INACCESSIBLE,unloaded,unloaded,unloaded,no_ticket,false,0,no_ticket,33,0,0
9,-9,39,false,[null],[null],unloaded,unloaded,unloaded,no_ticket,false,0,no_ticket,33,0,0
9,-8,39,false,[null],[null],unloaded,unloaded,unloaded,no_ticket,false,0,no_ticket,33,0,0
9,-7,39,false,[null],[null],unloaded,unloaded,unloaded,no_ticket,false,0,no_ticket,33,0,0
9,-6,39,false,[null],[null],unloaded,unloaded,unloaded,no_ticket,false,0,no_ticket,33,0,0
9,-5,39,false,[null],[null],unloaded,unloaded,unloaded,no_ticket,false,0,no_ticket,33,0,0
9,-4,39,false,[null],[null],unloaded,unloaded,unloaded,no_ticket,false,0,no_ticket,33,0,0
9,-3,39,false,[null],[null],unloaded,unloaded,unloaded,no_ticket,false,0,no_ticket,33,0,0
9,-2,39,false,[null],[null],unloaded,unloaded,unloaded,no_ticket,false,0,no_ticket,33,0,0
9,-1,39,false,[null],[null],unloaded,unloaded,unloaded,no_ticket,false,0,no_ticket,33,0,0
9,0,39,false,[null],[null],unloaded,unloaded,unloaded,no_ticket,false,0,no_ticket,33,0,0
9,1,39,true,minecraft:full,[null],unloaded,unloaded,unloaded,no_ticket,false,0,no_ticket,33,0,0
9,2,39,true,minecraft:full,INACCESSIBLE,unloaded,unloaded,unloaded,no_ticket,false,2,no_ticket,33,0,0
9,3,39,true,minecraft:full,INACCESSIBLE,unloaded,unloaded,unloaded,no_ticket,false,0,no_ticket,33,0,0
9,4,39,true,minecraft:full,INACCESSIBLE,unloaded,unloaded,unloaded,no_ticket,false,0,no_ticket,33,0,0
9,5,39,true,minecraft:full,INACCESSIBLE,unloaded,unloaded,unloaded,no_ticket,false,0,no_ticket,33,0,0
9,6,39,true,minecraft:full,INACCESSIBLE,unloaded,unloaded,unloaded,no_ticket,false,0,no_ticket,33,0,0
9,7,39,true,minecraft:full,INACCESSIBLE,unloaded,unloaded,unloaded,no_ticket,false,0,no_ticket,33,0,0
9,8,39,true,minecraft:full,INACCESSIBLE,unloaded,unloaded,unloaded,no_ticket,false,0,no_ticket,33,0,0
9,9,39,true,minecraft:full,INACCESSIBLE,unloaded,unloaded,unloaded,no_ticket,false,0,no_ticket,33,0,0
-10,-10,40,true,minecraft:full,[null],unloaded,unloaded,unloaded,no_ticket,false,0,no_ticket,33,0,0
-10,-9,40,true,minecraft:full,INACCESSIBLE,unloaded,unloaded,unloaded,no_ticket,false,0,no_ticket,33,0,0
-10,-8,40,true,minecraft:full,INACCESSIBLE,unloaded,unloaded,unloaded,no_ticket,false,0,no_ticket,33,0,0
-9,-10,40,true,minecraft:full,[null],unloaded,unloaded,unloaded,no_ticket,false,0,no_ticket,33,0,0
-8,-10,40,true,minecraft:full,[null],unloaded,unloaded,unloaded,no_ticket,false,0,no_ticket,33,0,0
-10,-7,40,true,minecraft:full,INACCESSIBLE,unloaded,unloaded,unloaded,no_ticket,false,0,no_ticket,33,0,0
-10,-6,40,true,minecraft:full,INACCESSIBLE,unloaded,unloaded,unloaded,no_ticket,false,0,no_ticket,33,0,0
-7,-10,40,false,[null],[null],unloaded,unloaded,unloaded,no_ticket,false,0,no_ticket,33,0,0
-6,-10,40,false,[null],[null],unloaded,unloaded,unloaded,no_ticket,false,0,no_ticket,33,0,0
-10,-5,40,true,minecraft:full,INACCESSIBLE,unloaded,unloaded,unloaded,no_ticket,false,0,no_ticket,33,0,0
-10,-4,40,true,minecraft:full,INACCESSIBLE,unloaded,unloaded,unloaded,no_ticket,false,0,no_ticket,33,0,0
-5,-10,40,false,[null],[null],unloaded,unloaded,unloaded,no_ticket,false,0,no_ticket,33,0,0
-4,-10,40,false,[null],[null],unloaded,unloaded,unloaded,no_ticket,false,0,no_ticket,33,0,0
-10,-3,40,true,minecraft:full,INACCESSIBLE,unloaded,unloaded,unloaded,no_ticket,false,0,no_ticket,33,0,0
-10,-2,40,true,minecraft:full,INACCESSIBLE,unloaded,unloaded,unloaded,no_ticket,false,0,no_ticket,33,0,0
-3,-10,40,false,[null],[null],unloaded,unloaded,unloaded,no_ticket,false,0,no_ticket,33,0,0
-2,-10,40,false,[null],[null],unloaded,unloaded,unloaded,no_ticket,false,0,no_ticket,33,0,0
-10,-1,40,true,minecraft:full,INACCESSIBLE,unloaded,unloaded,unloaded,no_ticket,false,0,no_ticket,33,0,0
-10,0,40,true,minecraft:full,INACCESSIBLE,unloaded,unloaded,unloaded,no_ticket,false,0,no_ticket,33,0,0
-1,-10,40,false,[null],[null],unloaded,unloaded,unloaded,no_ticket,false,0,no_ticket,33,0,0
0,-10,40,false,[null],[null],unloaded,unloaded,unloaded,no_ticket,false,0,no_ticket,33,0,0
-10,1,40,true,minecraft:full,INACCESSIBLE,unloaded,unloaded,unloaded,no_ticket,false,0,no_ticket,33,0,0
-10,2,40,true,minecraft:full,INACCESSIBLE,unloaded,unloaded,unloaded,no_ticket,false,0,no_ticket,33,0,0
1,-10,40,false,[null],[null],unloaded,unloaded,unloaded,no_ticket,false,0,no_ticket,33,0,0
2,-10,40,false,[null],[null],unloaded,unloaded,unloaded,no_ticket,false,0,no_ticket,33,0,0
-10,3,40,true,minecraft:full,INACCESSIBLE,unloaded,unloaded,unloaded,no_ticket,false,0,no_ticket,33,0,0
-10,4,40,true,minecraft:full,INACCESSIBLE,unloaded,unloaded,unloaded,no_ticket,false,0,no_ticket,33,0,0
3,-10,40,false,[null],[null],unloaded,unloaded,unloaded,no_ticket,false,0,no_ticket,33,0,0
4,-10,40,false,[null],[null],unloaded,unloaded,unloaded,no_ticket,false,0,no_ticket,33,0,0
-10,5,40,true,minecraft:full,INACCESSIBLE,unloaded,unloaded,unloaded,no_ticket,false,0,no_ticket,33,0,0
-10,6,40,true,minecraft:full,INACCESSIBLE,unloaded,unloaded,unloaded,no_ticket,false,0,no_ticket,33,0,0
5,-10,40,false,[null],[null],unloaded,unloaded,unloaded,no_ticket,false,0,no_ticket,33,0,0
6,-10,40,false,[null],[null],unloaded,unloaded,unloaded,no_ticket,false,0,no_ticket,33,0,0
-10,7,40,true,minecraft:full,INACCESSIBLE,unloaded,unloaded,unloaded,no_ticket,false,0,no_ticket,33,0,0
-10,8,40,true,minecraft:full,INACCESSIBLE,unloaded,unloaded,unloaded,no_ticket,false,0,no_ticket,33,0,0
7,-10,40,false,[null],[null],unloaded,unloaded,unloaded,no_ticket,false,0,no_ticket,33,0,0
8,-10,40,false,[null],[null],unloaded,unloaded,unloaded,no_ticket,false,0,no_ticket,33,0,0
-10,9,40,true,minecraft:full,INACCESSIBLE,unloaded,unloaded,unloaded,no_ticket,false,0,no_ticket,33,0,0
-10,10,40,true,minecraft:full,INACCESSIBLE,unloaded,unloaded,unloaded,no_ticket,false,0,no_ticket,33,0,0
-9,10,40,true,minecraft:full,INACCESSIBLE,unloaded,unloaded,unloaded,no_ticket,false,0,no_ticket,33,0,0
-8,10,40,true,minecraft:full,INACCESSIBLE,unloaded,unloaded,unloaded,no_ticket,false,0,no_ticket,33,0,0
-7,10,40,true,minecraft:full,INACCESSIBLE,unloaded,unloaded,unloaded,no_ticket,false,0,no_ticket,33,0,0
-6,10,40,true,minecraft:full,INACCESSIBLE,unloaded,unloaded,unloaded,no_ticket,false,0,no_ticket,33,0,0
-5,10,40,true,minecraft:full,INACCESSIBLE,unloaded,unloaded,unloaded,no_ticket,false,0,no_ticket,33,0,0
-4,10,40,true,minecraft:full,INACCESSIBLE,unloaded,unloaded,unloaded,no_ticket,false,0,no_ticket,33,0,0
-3,10,40,true,minecraft:full,INACCESSIBLE,unloaded,unloaded,unloaded,no_ticket,false,0,no_ticket,33,0,0
-2,10,40,true,minecraft:full,INACCESSIBLE,unloaded,unloaded,unloaded,no_ticket,false,0,no_ticket,33,0,0
-1,10,40,true,minecraft:full,INACCESSIBLE,unloaded,unloaded,unloaded,no_ticket,false,0,no_ticket,33,0,0
0,10,40,true,minecraft:full,INACCESSIBLE,unloaded,unloaded,unloaded,no_ticket,false,0,no_ticket,33,0,0
1,10,40,true,minecraft:full,INACCESSIBLE,unloaded,unloaded,unloaded,no_ticket,false,0,no_ticket,33,0,0
2,10,40,true,minecraft:full,INACCESSIBLE,unloaded,unloaded,unloaded,no_ticket,false,0,no_ticket,33,0,0
3,10,40,true,minecraft:full,INACCESSIBLE,unloaded,unloaded,unloaded,no_ticket,false,0,no_ticket,33,0,0
4,10,40,true,minecraft:full,INACCESSIBLE,unloaded,unloaded,unloaded,no_ticket,false,0,no_ticket,33,0,0
5,10,40,true,minecraft:full,INACCESSIBLE,unloaded,unloaded,unloaded,no_ticket,false,0,no_ticket,33,0,0
6,10,40,true,minecraft:full,INACCESSIBLE,unloaded,unloaded,unloaded,no_ticket,false,0,no_ticket,33,0,0
7,10,40,true,minecraft:full,INACCESSIBLE,unloaded,unloaded,unloaded,no_ticket,false,0,no_ticket,33,0,0
8,10,40,true,minecraft:full,INACCESSIBLE,unloaded,unloaded,unloaded,no_ticket,false,0,no_ticket,33,0,0
9,-10,40,false,[null],[null],unloaded,unloaded,unloaded,no_ticket,false,0,no_ticket,33,0,0
9,10,40,true,minecraft:full,INACCESSIBLE,unloaded,unloaded,unloaded,no_ticket,false,0,no_ticket,33,0,0
10,-10,40,false,[null],[null],unloaded,unloaded,unloaded,no_ticket,false,0,no_ticket,33,0,0
10,-9,40,false,[null],[null],unloaded,unloaded,unloaded,no_ticket,false,0,no_ticket,33,0,0
10,-8,40,false,[null],[null],unloaded,unloaded,unloaded,no_ticket,false,0,no_ticket,33,0,0
10,-7,40,false,[null],[null],unloaded,unloaded,unloaded,no_ticket,false,0,no_ticket,33,0,0
10,-6,40,false,[null],[null],unloaded,unloaded,unloaded,no_ticket,false,0,no_ticket,33,0,0
10,-5,40,false,[null],[null],unloaded,unloaded,unloaded,no_ticket,false,0,no_ticket,33,0,0
10,-4,40,false,[null],[null],unloaded,unloaded,unloaded,no_ticket,false,0,no_ticket,33,0,0
10,-3,40,false,[null],[null],unloaded,unloaded,unloaded,no_ticket,false,0,no_ticket,33,0,0
10,-2,40,false,[null],[null],unloaded,unloaded,unloaded,no_ticket,false,0,no_ticket,33,0,0
10,-1,40,false,[null],[null],unloaded,unloaded,unloaded,no_ticket,false,0,no_ticket,33,0,0
10,0,40,false,[null],[null],unloaded,unloaded,unloaded,no_ticket,false,0,no_ticket,33,0,0
10,1,40,true,minecraft:full,[null],unloaded,unloaded,unloaded,no_ticket,false,0,no_ticket,33,0,0
10,2,40,true,minecraft:full,[null],unloaded,unloaded,unloaded,no_ticket,false,0,no_ticket,33,0,0
10,3,40,true,minecraft:full,INACCESSIBLE,unloaded,unloaded,unloaded,no_ticket,false,0,no_ticket,33,0,0
10,4,40,true,minecraft:full,INACCESSIBLE,unloaded,unloaded,unloaded,no_ticket,false,0,no_ticket,33,0,0
10,5,40,true,minecraft:full,INACCESSIBLE,unloaded,unloaded,unloaded,no_ticket,false,0,no_ticket,33,0,0
10,6,40,true,minecraft:full,INACCESSIBLE,unloaded,unloaded,unloaded,no_ticket,false,0,no_ticket,33,0,0
10,7,40,true,minecraft:full,INACCESSIBLE,unloaded,unloaded,unloaded,no_ticket,false,0,no_ticket,33,0,0
10,8,40,true,minecraft:full,INACCESSIBLE,unloaded,unloaded,unloaded,no_ticket,false,0,no_ticket,33,0,0
10,9,40,true,minecraft:full,INACCESSIBLE,unloaded,unloaded,unloaded,no_ticket,false,0,no_ticket,33,0,0
10,10,40,true,minecraft:full,INACCESSIBLE,unloaded,unloaded,unloaded,no_ticket,false,0,no_ticket,33,0,0
-11,-11,41,false,[null],[null],unloaded,unloaded,unloaded,no_ticket,false,0,no_ticket,33,0,0
-11,-10,41,true,minecraft:full,[null],unloaded,unloaded,unloaded,no_ticket,false,0,no_ticket,33,0,0
-11,-9,41,true,minecraft:full,INACCESSIBLE,unloaded,unloaded,unloaded,no_ticket,false,0,no_ticket,33,0,0
-10,-11,41,false,[null],[null],unloaded,unloaded,unloaded,no_ticket,false,0,no_ticket,33,0,0
-9,-11,41,false,[null],[null],unloaded,unloaded,unloaded,no_ticket,false,0,no_ticket,33,0,0
-11,-8,41,true,minecraft:full,INACCESSIBLE,unloaded,unloaded,unloaded,no_ticket,false,0,no_ticket,33,0,0
-11,-7,41,true,minecraft:full,INACCESSIBLE,unloaded,unloaded,unloaded,no_ticket,false,0,no_ticket,33,0,0
-8,-11,41,false,[null],[null],unloaded,unloaded,unloaded,no_ticket,false,0,no_ticket,33,0,0
-7,-11,41,false,[null],[null],unloaded,unloaded,unloaded,no_ticket,false,0,no_ticket,33,0,0
-11,-6,41,true,minecraft:full,INACCESSIBLE,unloaded,unloaded,unloaded,no_ticket,false,0,no_ticket,33,0,0
-11,-5,41,true,minecraft:full,INACCESSIBLE,unloaded,unloaded,unloaded,no_ticket,false,0,no_ticket,33,0,0
-6,-11,41,false,[null],[null],unloaded,unloaded,unloaded,no_ticket,false,0,no_ticket,33,0,0
-5,-11,41,false,[null],[null],unloaded,unloaded,unloaded,no_ticket,false,0,no_ticket,33,0,0
-11,-4,41,true,minecraft:full,INACCESSIBLE,unloaded,unloaded,unloaded,no_ticket,false,0,no_ticket,33,0,0
-11,-3,41,true,minecraft:full,INACCESSIBLE,unloaded,unloaded,unloaded,no_ticket,false,0,no_ticket,33,0,0
-4,-11,41,false,[null],[null],unloaded,unloaded,unloaded,no_ticket,false,0,no_ticket,33,0,0
-3,-11,41,false,[null],[null],unloaded,unloaded,unloaded,no_ticket,false,0,no_ticket,33,0,0
-11,-2,41,true,minecraft:full,INACCESSIBLE,unloaded,unloaded,unloaded,no_ticket,false,0,no_ticket,33,0,0
-11,-1,41,true,minecraft:full,INACCESSIBLE,unloaded,unloaded,unloaded,no_ticket,false,0,no_ticket,33,0,0
-2,-11,41,false,[null],[null],unloaded,unloaded,unloaded,no_ticket,false,0,no_ticket,33,0,0
-1,-11,41,false,[null],[null],unloaded,unloaded,unloaded,no_ticket,false,0,no_ticket,33,0,0
-11,0,41,true,minecraft:full,INACCESSIBLE,unloaded,unloaded,unloaded,no_ticket,false,0,no_ticket,33,0,0
-11,1,41,true,minecraft:full,INACCESSIBLE,unloaded,unloaded,unloaded,no_ticket,false,0,no_ticket,33,0,0
0,-11,41,false,[null],[null],unloaded,unloaded,unloaded,no_ticket,false,0,no_ticket,33,0,0
1,-11,41,false,[null],[null],unloaded,unloaded,unloaded,no_ticket,false,0,no_ticket,33,0,0
-11,2,41,true,minecraft:full,INACCESSIBLE,unloaded,unloaded,unloaded,no_ticket,false,0,no_ticket,33,0,0
-11,3,41,true,minecraft:full,INACCESSIBLE,unloaded,unloaded,unloaded,no_ticket,false,0,no_ticket,33,0,0
2,-11,41,false,[null],[null],unloaded,unloaded,unloaded,no_ticket,false,0,no_ticket,33,0,0
3,-11,41,false,[null],[null],unloaded,unloaded,unloaded,no_ticket,false,0,no_ticket,33,0,0
-11,4,41,true,minecraft:full,INACCESSIBLE,unloaded,unloaded,unloaded,no_ticket,false,0,no_ticket,33,0,0
-11,5,41,true,minecraft:full,INACCESSIBLE,unloaded,unloaded,unloaded,no_ticket,false,0,no_ticket,33,0,0
4,-11,41,false,[null],[null],unloaded,unloaded,unloaded,no_ticket,false,0,no_ticket,33,0,0
5,-11,41,false,[null],[null],unloaded,unloaded,unloaded,no_ticket,false,0,no_ticket,33,0,0
-11,6,41,true,minecraft:full,INACCESSIBLE,unloaded,unloaded,unloaded,no_ticket,false,0,no_ticket,33,0,0
-11,7,41,true,minecraft:full,INACCESSIBLE,unloaded,unloaded,unloaded,no_ticket,false,0,no_ticket,33,0,0
6,-11,41,false,[null],[null],unloaded,unloaded,unloaded,no_ticket,false,0,no_ticket,33,0,0
7,-11,41,false,[null],[null],unloaded,unloaded,unloaded,no_ticket,false,0,no_ticket,33,0,0
-11,8,41,true,minecraft:full,INACCESSIBLE,unloaded,unloaded,unloaded,no_ticket,false,0,no_ticket,33,0,0
-11,9,41,true,minecraft:full,INACCESSIBLE,unloaded,unloaded,unloaded,no_ticket,false,0,no_ticket,33,0,0
8,-11,41,false,[null],[null],unloaded,unloaded,unloaded,no_ticket,false,0,no_ticket,33,0,0
9,-11,41,false,[null],[null],unloaded,unloaded,unloaded,no_ticket,false,0,no_ticket,33,0,0
-11,10,41,true,minecraft:full,INACCESSIBLE,unloaded,unloaded,unloaded,no_ticket,false,0,no_ticket,33,0,0
-11,11,41,true,minecraft:full,INACCESSIBLE,unloaded,unloaded,unloaded,no_ticket,false,3,no_ticket,33,0,0
-10,11,41,true,minecraft:full,INACCESSIBLE,unloaded,unloaded,unloaded,no_ticket,false,0,no_ticket,33,0,0
-9,11,41,true,minecraft:full,INACCESSIBLE,unloaded,unloaded,unloaded,no_ticket,false,0,no_ticket,33,0,0
-8,11,41,true,minecraft:full,INACCESSIBLE,unloaded,unloaded,unloaded,no_ticket,false,0,no_ticket,33,0,0
-7,11,41,true,minecraft:full,INACCESSIBLE,unloaded,unloaded,unloaded,no_ticket,false,0,no_ticket,33,0,0
-6,11,41,true,minecraft:full,INACCESSIBLE,unloaded,unloaded,unloaded,no_ticket,false,0,no_ticket,33,0,0
-5,11,41,true,minecraft:full,INACCESSIBLE,unloaded,unloaded,unloaded,no_ticket,false,4,no_ticket,33,0,0
-4,11,41,true,minecraft:full,INACCESSIBLE,unloaded,unloaded,unloaded,no_ticket,false,0,no_ticket,33,0,0
-3,11,41,true,minecraft:full,INACCESSIBLE,unloaded,unloaded,unloaded,no_ticket,false,0,no_ticket,33,0,0
-2,11,41,true,minecraft:full,INACCESSIBLE,unloaded,unloaded,unloaded,no_ticket,false,0,no_ticket,33,0,0
-1,11,41,true,minecraft:full,INACCESSIBLE,unloaded,unloaded,unloaded,no_ticket,false,0,no_ticket,33,0,0
0,11,41,true,minecraft:full,INACCESSIBLE,unloaded,unloaded,unloaded,no_ticket,false,0,no_ticket,33,0,0
1,11,41,true,minecraft:full,INACCESSIBLE,unloaded,unloaded,unloaded,no_ticket,false,0,no_ticket,33,0,0
2,11,41,true,minecraft:full,INACCESSIBLE,unloaded,unloaded,unloaded,no_ticket,false,0,no_ticket,33,0,0
3,11,41,true,minecraft:full,INACCESSIBLE,unloaded,unloaded,unloaded,no_ticket,false,0,no_ticket,33,0,0
4,11,41,true,minecraft:full,INACCESSIBLE,unloaded,unloaded,unloaded,no_ticket,false,0,no_ticket,33,0,0
5,11,41,true,minecraft:full,INACCESSIBLE,unloaded,unloaded,unloaded,no_ticket,false,0,no_ticket,33,0,0
6,11,41,true,minecraft:full,INACCESSIBLE,unloaded,unloaded,unloaded,no_ticket,false,0,no_ticket,33,0,0
7,11,41,true,minecraft:full,INACCESSIBLE,unloaded,unloaded,unloaded,no_ticket,false,2,no_ticket,33,0,0
8,11,41,true,minecraft:full,INACCESSIBLE,unloaded,unloaded,unloaded,no_ticket,false,0,no_ticket,33,0,0
9,11,41,true,minecraft:full,INACCESSIBLE,unloaded,unloaded,unloaded,no_ticket,false,0,no_ticket,33,0,0
10,-11,41,false,[null],[null],unloaded,unloaded,unloaded,no_ticket,false,0,no_ticket,33,0,0
10,11,41,true,minecraft:full,INACCESSIBLE,unloaded,unloaded,unloaded,no_ticket,false,0,no_ticket,33,0,0
11,-11,41,false,[null],[null],unloaded,unloaded,unloaded,no_ticket,false,0,no_ticket,33,0,0
11,-10,41,false,[null],[null],unloaded,unloaded,unloaded,no_ticket,false,0,no_ticket,33,0,0
11,-9,41,false,[null],[null],unloaded,unloaded,unloaded,no_ticket,false,0,no_ticket,33,0,0
11,-8,41,false,[null],[null],unloaded,unloaded,unloaded,no_ticket,false,0,no_ticket,33,0,0
11,-7,41,false,[null],[null],unloaded,unloaded,unloaded,no_ticket,false,0,no_ticket,33,0,0
11,-6,41,false,[null],[null],unloaded,unloaded,unloaded,no_ticket,false,0,no_ticket,33,0,0
11,-5,41,false,[null],[null],unloaded,unloaded,unloaded,no_ticket,false,0,no_ticket,33,0,0
11,-4,41,false,[null],[null],unloaded,unloaded,unloaded,no_ticket,false,0,no_ticket,33,0,0
11,-3,41,false,[null],[null],unloaded,unloaded,unloaded,no_ticket,false,0,no_ticket,33,0,0
11,-2,41,false,[null],[null],unloaded,unloaded,unloaded,no_ticket,false,0,no_ticket,33,0,0
11,-1,41,false,[null],[null],unloaded,unloaded,unloaded,no_ticket,false,0,no_ticket,33,0,0
11,0,41,false,[null],[null],unloaded,unloaded,unloaded,no_ticket,false,0,no_ticket,33,0,0
11,1,41,false,[null],[null],unloaded,unloaded,unloaded,no_ticket,false,0,no_ticket,33,0,0
11,2,41,true,minecraft:full,[null],unloaded,unloaded,unloaded,no_ticket,false,0,no_ticket,33,0,0
11,3,41,true,minecraft:full,[null],unloaded,unloaded,unloaded,no_ticket,false,0,no_ticket,33,0,0
11,4,41,true,minecraft:full,[null],unloaded,unloaded,unloaded,no_ticket,false,0,no_ticket,33,0,0
11,5,41,true,minecraft:full,[null],unloaded,unloaded,unloaded,no_ticket,false,0,no_ticket,33,0,0
11,6,41,true,minecraft:full,[null],unloaded,unloaded,unloaded,no_ticket,false,0,no_ticket,33,0,0
11,7,41,true,minecraft:full,[null],unloaded,unloaded,unloaded,no_ticket,false,0,no_ticket,33,0,0
11,8,41,true,minecraft:full,[null],unloaded,unloaded,unloaded,no_ticket,false,0,no_ticket,33,0,0
11,9,41,true,minecraft:full,[null],unloaded,unloaded,unloaded,no_ticket,false,0,no_ticket,33,0,0
11,10,41,true,minecraft:full,[null],unloaded,unloaded,unloaded,no_ticket,false,0,no_ticket,33,0,0
11,11,41,true,minecraft:full,[null],unloaded,unloaded,unloaded,no_ticket,false,0,no_ticket,33,0,0
-12,-12,42,false,[null],[null],unloaded,unloaded,unloaded,no_ticket,false,0,no_ticket,33,0,0
-12,-11,42,false,[null],[null],unloaded,unloaded,unloaded,no_ticket,false,0,no_ticket,33,0,0
-12,-10,42,true,minecraft:full,[null],unloaded,unloaded,unloaded,no_ticket,false,0,no_ticket,33,0,0
-11,-12,42,false,[null],[null],unloaded,unloaded,unloaded,no_ticket,false,0,no_ticket,33,0,0
-10,-12,42,false,[null],[null],unloaded,unloaded,unloaded,no_ticket,false,0,no_ticket,33,0,0
-12,-9,42,true,minecraft:full,INACCESSIBLE,unloaded,unloaded,unloaded,no_ticket,false,0,no_ticket,33,0,0
-12,-8,42,true,minecraft:full,INACCESSIBLE,unloaded,unloaded,unloaded,no_ticket,false,1,no_ticket,33,0,0
-9,-12,42,false,[null],[null],unloaded,unloaded,unloaded,no_ticket,false,0,no_ticket,33,0,0
-8,-12,42,false,[null],[null],unloaded,unloaded,unloaded,no_ticket,false,0,no_ticket,33,0,0
-12,-7,42,true,minecraft:full,INACCESSIBLE,unloaded,unloaded,unloaded,no_ticket,false,3,no_ticket,33,0,0
-12,-6,42,true,minecraft:full,INACCESSIBLE,unloaded,unloaded,unloaded,no_ticket,false,0,no_ticket,33,0,0
-7,-12,42,false,[null],[null],unloaded,unloaded,unloaded,no_ticket,false,0,no_ticket,33,0,0
-6,-12,42,false,[null],[null],unloaded,unloaded,unloaded,no_ticket,false,0,no_ticket,33,0,0
-12,-5,42,true,minecraft:full,INACCESSIBLE,unloaded,unloaded,unloaded,no_ticket,false,0,no_ticket,33,0,0
-12,-4,42,true,minecraft:full,INACCESSIBLE,unloaded,unloaded,unloaded,no_ticket,false,0,no_ticket,33,0,0
-5,-12,42,false,[null],[null],unloaded,unloaded,unloaded,no_ticket,false,0,no_ticket,33,0,0
-4,-12,42,false,[null],[null],unloaded,unloaded,unloaded,no_ticket,false,0,no_ticket,33,0,0
-12,-3,42,true,minecraft:full,INACCESSIBLE,unloaded,unloaded,unloaded,no_ticket,false,0,no_ticket,33,0,0
-12,-2,42,true,minecraft:full,INACCESSIBLE,unloaded,unloaded,unloaded,no_ticket,false,0,no_ticket,33,0,0
-3,-12,42,false,[null],[null],unloaded,unloaded,unloaded,no_ticket,false,0,no_ticket,33,0,0
-2,-12,42,false,[null],[null],unloaded,unloaded,unloaded,no_ticket,false,0,no_ticket,33,0,0
-12,-1,42,true,minecraft:full,INACCESSIBLE,unloaded,unloaded,unloaded,no_ticket,false,0,no_ticket,33,0,0
-12,0,42,true,minecraft:full,INACCESSIBLE,unloaded,unloaded,unloaded,no_ticket,false,0,no_ticket,33,0,0
-1,-12,42,false,[null],[null],unloaded,unloaded,unloaded,no_ticket,false,0,no_ticket,33,0,0
0,-12,42,false,[null],[null],unloaded,unloaded,unloaded,no_ticket,false,0,no_ticket,33,0,0
-12,1,42,true,minecraft:full,INACCESSIBLE,unloaded,unloaded,unloaded,no_ticket,false,0,no_ticket,33,0,0
-12,2,42,true,minecraft:full,INACCESSIBLE,unloaded,unloaded,unloaded,no_ticket,false,0,no_ticket,33,0,0
1,-12,42,false,[null],[null],unloaded,unloaded,unloaded,no_ticket,false,0,no_ticket,33,0,0
2,-12,42,false,[null],[null],unloaded,unloaded,unloaded,no_ticket,false,0,no_ticket,33,0,0
-12,3,42,true,minecraft:full,INACCESSIBLE,unloaded,unloaded,unloaded,no_ticket,false,0,no_ticket,33,0,0
-12,4,42,true,minecraft:full,INACCESSIBLE,unloaded,unloaded,unloaded,no_ticket,false,0,no_ticket,33,0,0
3,-12,42,false,[null],[null],unloaded,unloaded,unloaded,no_ticket,false,0,no_ticket,33,0,0
4,-12,42,false,[null],[null],unloaded,unloaded,unloaded,no_ticket,false,0,no_ticket,33,0,0
-12,5,42,true,minecraft:full,INACCESSIBLE,unloaded,unloaded,unloaded,no_ticket,false,2,no_ticket,33,0,0
-12,6,42,true,minecraft:full,INACCESSIBLE,unloaded,unloaded,unloaded,no_ticket,false,0,no_ticket,33,0,0
5,-12,42,false,[null],[null],unloaded,unloaded,unloaded,no_ticket,false,0,no_ticket,33,0,0
6,-12,42,false,[null],[null],unloaded,unloaded,unloaded,no_ticket,false,0,no_ticket,33,0,0
-12,7,42,true,minecraft:full,INACCESSIBLE,unloaded,unloaded,unloaded,no_ticket,false,0,no_ticket,33,0,0
-12,8,42,true,minecraft:full,INACCESSIBLE,unloaded,unloaded,unloaded,no_ticket,false,0,no_ticket,33,0,0
7,-12,42,false,[null],[null],unloaded,unloaded,unloaded,no_ticket,false,0,no_ticket,33,0,0
8,-12,42,false,[null],[null],unloaded,unloaded,unloaded,no_ticket,false,0,no_ticket,33,0,0
-12,9,42,true,minecraft:full,INACCESSIBLE,unloaded,unloaded,unloaded,no_ticket,false,0,no_ticket,33,0,0
-12,10,42,true,minecraft:full,INACCESSIBLE,unloaded,unloaded,unloaded,no_ticket,false,0,no_ticket,33,0,0
9,-12,42,false,[null],[null],unloaded,unloaded,unloaded,no_ticket,false,0,no_ticket,33,0,0
10,-12,42,false,[null],[null],unloaded,unloaded,unloaded,no_ticket,false,0,no_ticket,33,0,0
-12,11,42,true,minecraft:full,INACCESSIBLE,unloaded,unloaded,unloaded,no_ticket,false,0,no_ticket,33,0,0
-12,12,42,true,minecraft:full,INACCESSIBLE,unloaded,unloaded,unloaded,no_ticket,false,4,no_ticket,33,0,0
-11,12,42,true,minecraft:full,INACCESSIBLE,unloaded,unloaded,unloaded,no_ticket,false,0,no_ticket,33,0,0
-10,12,42,true,minecraft:full,INACCESSIBLE,unloaded,unloaded,unloaded,no_ticket,false,0,no_ticket,33,0,0
-9,12,42,true,minecraft:full,INACCESSIBLE,unloaded,unloaded,unloaded,no_ticket,false,0,no_ticket,33,0,0
-8,12,42,true,minecraft:full,INACCESSIBLE,unloaded,unloaded,unloaded,no_ticket,false,0,no_ticket,33,0,0
-7,12,42,true,minecraft:full,INACCESSIBLE,unloaded,unloaded,unloaded,no_ticket,false,0,no_ticket,33,0,0
-6,12,42,true,minecraft:full,INACCESSIBLE,unloaded,unloaded,unloaded,no_ticket,false,0,no_ticket,33,0,0
-5,12,42,true,minecraft:full,INACCESSIBLE,unloaded,unloaded,unloaded,no_ticket,false,1,no_ticket,33,0,0
-4,12,42,true,minecraft:full,INACCESSIBLE,unloaded,unloaded,unloaded,no_ticket,false,0,no_ticket,33,0,0
-3,12,42,true,minecraft:full,INACCESSIBLE,unloaded,unloaded,unloaded,no_ticket,false,0,no_ticket,33,0,0
-2,12,42,true,minecraft:full,INACCESSIBLE,unloaded,unloaded,unloaded,no_ticket,false,0,no_ticket,33,0,0
-1,12,42,true,minecraft:full,INACCESSIBLE,unloaded,unloaded,unloaded,no_ticket,false,0,no_ticket,33,0,0
0,12,42,true,minecraft:full,INACCESSIBLE,unloaded,unloaded,unloaded,no_ticket,false,0,no_ticket,33,0,0
1,12,42,true,minecraft:full,INACCESSIBLE,unloaded,unloaded,unloaded,no_ticket,false,0,no_ticket,33,0,0
2,12,42,true,minecraft:full,INACCESSIBLE,unloaded,unloaded,unloaded,no_ticket,false,0,no_ticket,33,0,0
3,12,42,true,minecraft:full,INACCESSIBLE,unloaded,unloaded,unloaded,no_ticket,false,0,no_ticket,33,0,0
4,12,42,true,minecraft:full,INACCESSIBLE,unloaded,unloaded,unloaded,no_ticket,false,0,no_ticket,33,0,0
5,12,42,true,minecraft:full,INACCESSIBLE,unloaded,unloaded,unloaded,no_ticket,false,0,no_ticket,33,0,0
6,12,42,true,minecraft:full,INACCESSIBLE,unloaded,unloaded,unloaded,no_ticket,false,1,no_ticket,33,0,0
7,12,42,true,minecraft:full,INACCESSIBLE,unloaded,unloaded,unloaded,no_ticket,false,0,no_ticket,33,0,0
8,12,42,true,minecraft:full,INACCESSIBLE,unloaded,unloaded,unloaded,no_ticket,false,1,no_ticket,33,0,0
9,12,42,true,minecraft:full,INACCESSIBLE,unloaded,unloaded,unloaded,no_ticket,false,2,no_ticket,33,0,0
10,12,42,true,minecraft:full,INACCESSIBLE,unloaded,unloaded,unloaded,no_ticket,false,0,no_ticket,33,0,0
11,-12,42,false,[null],[null],unloaded,unloaded,unloaded,no_ticket,false,0,no_ticket,33,0,0
11,12,42,true,minecraft:full,[null],unloaded,unloaded,unloaded,no_ticket,false,0,no_ticket,33,0,0
12,-12,42,false,[null],[null],unloaded,unloaded,unloaded,no_ticket,false,0,no_ticket,33,0,0
12,-11,42,false,[null],[null],unloaded,unloaded,unloaded,no_ticket,false,0,no_ticket,33,0,0
12,-10,42,false,[null],[null],unloaded,unloaded,unloaded,no_ticket,false,0,no_ticket,33,0,0
12,-9,42,false,[null],[null],unloaded,unloaded,unloaded,no_ticket,false,0,no_ticket,33,0,0
12,-8,42,false,[null],[null],unloaded,unloaded,unloaded,no_ticket,false,0,no_ticket,33,0,0
12,-7,42,false,[null],[null],unloaded,unloaded,unloaded,no_ticket,false,0,no_ticket,33,0,0
12,-6,42,false,[null],[null],unloaded,unloaded,unloaded,no_ticket,false,0,no_ticket,33,0,0
12,-5,42,false,[null],[null],unloaded,unloaded,unloaded,no_ticket,false,0,no_ticket,33,0,0
12,-4,42,false,[null],[null],unloaded,unloaded,unloaded,no_ticket,false,0,no_ticket,33,0,0
12,-3,42,false,[null],[null],unloaded,unloaded,unloaded,no_ticket,false,0,no_ticket,33,0,0
12,-2,42,false,[null],[null],unloaded,unloaded,unloaded,no_ticket,false,0,no_ticket,33,0,0
12,-1,42,false,[null],[null],unloaded,unloaded,unloaded,no_ticket,false,0,no_ticket,33,0,0
12,0,42,false,[null],[null],unloaded,unloaded,unloaded,no_ticket,false,0,no_ticket,33,0,0
12,1,42,false,[null],[null],unloaded,unloaded,unloaded,no_ticket,false,0,no_ticket,33,0,0
12,2,42,false,[null],[null],unloaded,unloaded,unloaded,no_ticket,false,0,no_ticket,33,0,0
12,3,42,false,[null],[null],unloaded,unloaded,unloaded,no_ticket,false,0,no_ticket,33,0,0
12,4,42,false,[null],[null],unloaded,unloaded,unloaded,no_ticket,false,0,no_ticket,33,0,0
12,5,42,false,[null],[null],unloaded,unloaded,unloaded,no_ticket,false,0,no_ticket,33,0,0
12,6,42,false,[null],[null],unloaded,unloaded,unloaded,no_ticket,false,0,no_ticket,33,0,0
12,7,42,false,[null],[null],unloaded,unloaded,unloaded,no_ticket,false,0,no_ticket,33,0,0
12,8,42,false,[null],[null],unloaded,unloaded,unloaded,no_ticket,false,0,no_ticket,33,0,0
12,9,42,false,[null],[null],unloaded,unloaded,unloaded,no_ticket,false,0,no_ticket,33,0,0
12,10,42,false,[null],[null],unloaded,unloaded,unloaded,no_ticket,false,0,no_ticket,33,0,0
12,11,42,false,[null],[null],unloaded,unloaded,unloaded,no_ticket,false,0,no_ticket,33,0,0
12,12,42,false,[null],[null],unloaded,unloaded,unloaded,no_ticket,false,0,no_ticket,33,0,0
-13,-13,43,false,[null],[null],unloaded,unloaded,unloaded,no_ticket,false,0,no_ticket,33,0,0
-13,-12,43,false,[null],[null],unloaded,unloaded,unloaded,no_ticket,false,0,no_ticket,33,0,0
-13,-11,43,false,[null],[null],unloaded,unloaded,unloaded,no_ticket,false,0,no_ticket,33,0,0
-12,-13,43,false,[null],[null],unloaded,unloaded,unloaded,no_ticket,false,0,no_ticket,33,0,0
-11,-13,43,false,[null],[null],unloaded,unloaded,unloaded,no_ticket,false,0,no_ticket,33,0,0
-13,-10,43,true,minecraft:full,[null],unloaded,unloaded,unloaded,no_ticket,false,0,no_ticket,33,0,0
-13,-9,43,true,minecraft:full,INACCESSIBLE,unloaded,unloaded,unloaded,no_ticket,false,0,no_ticket,33,0,0
-10,-13,43,false,[null],[null],unloaded,unloaded,unloaded,no_ticket,false,0,no_ticket,33,0,0
-9,-13,43,false,[null],[null],unloaded,unloaded,unloaded,no_ticket,false,0,no_ticket,33,0,0
-13,-8,43,true,minecraft:full,INACCESSIBLE,unloaded,unloaded,unloaded,no_ticket,false,0,no_ticket,33,0,0
-13,-7,43,true,minecraft:full,INACCESSIBLE,unloaded,unloaded,unloaded,no_ticket,false,0,no_ticket,33,0,0
-8,-13,43,false,[null],[null],unloaded,unloaded,unloaded,no_ticket,false,0,no_ticket,33,0,0
-7,-13,43,false,[null],[null],unloaded,unloaded,unloaded,no_ticket,false,0,no_ticket,33,0,0
-13,-6,43,true,minecraft:full,INACCESSIBLE,unloaded,unloaded,unloaded,no_ticket,false,0,no_ticket,33,0,0
-13,-5,43,true,minecraft:full,INACCESSIBLE,unloaded,unloaded,unloaded,no_ticket,false,3,no_ticket,33,0,0
-6,-13,43,false,[null],[null],unloaded,unloaded,unloaded,no_ticket,false,0,no_ticket,33,0,0
-5,-13,43,false,[null],[null],unloaded,unloaded,unloaded,no_ticket,false,0,no_ticket,33,0,0
-13,-4,43,true,minecraft:full,INACCESSIBLE,unloaded,unloaded,unloaded,no_ticket,false,0,no_ticket,33,0,0
-13,-3,43,true,minecraft:full,INACCESSIBLE,unloaded,unloaded,unloaded,no_ticket,false,0,no_ticket,33,0,0
-4,-13,43,false,[null],[null],unloaded,unloaded,unloaded,no_ticket,false,0,no_ticket,33,0,0
-3,-13,43,false,[null],[null],unloaded,unloaded,unloaded,no_ticket,false,0,no_ticket,33,0,0
-13,-2,43,true,minecraft:full,INACCESSIBLE,unloaded,unloaded,unloaded,no_ticket,false,0,no_ticket,33,0,0
-13,-1,43,true,minecraft:full,INACCESSIBLE,unloaded,unloaded,unloaded,no_ticket,false,0,no_ticket,33,0,0
-2,-13,43,false,[null],[null],unloaded,unloaded,unloaded,no_ticket,false,0,no_ticket,33,0,0
-1,-13,43,false,[null],[null],unloaded,unloaded,unloaded,no_ticket,false,0,no_ticket,33,0,0
-13,0,43,true,minecraft:full,INACCESSIBLE,unloaded,unloaded,unloaded,no_ticket,false,0,no_ticket,33,0,0
-13,1,43,true,minecraft:full,INACCESSIBLE,unloaded,unloaded,unloaded,no_ticket,false,0,no_ticket,33,0,0
0,-13,43,false,[null],[null],unloaded,unloaded,unloaded,no_ticket,false,0,no_ticket,33,0,0
1,-13,43,false,[null],[null],unloaded,unloaded,unloaded,no_ticket,false,0,no_ticket,33,0,0
-13,2,43,true,minecraft:full,INACCESSIBLE,unloaded,unloaded,unloaded,no_ticket,false,0,no_ticket,33,0,0
-13,3,43,true,minecraft:full,INACCESSIBLE,unloaded,unloaded,unloaded,no_ticket,false,0,no_ticket,33,0,0
2,-13,43,false,[null],[null],unloaded,unloaded,unloaded,no_ticket,false,0,no_ticket,33,0,0
3,-13,43,false,[null],[null],unloaded,unloaded,unloaded,no_ticket,false,0,no_ticket,33,0,0
-13,4,43,true,minecraft:full,INACCESSIBLE,unloaded,unloaded,unloaded,no_ticket,false,0,no_ticket,33,0,0
-13,5,43,true,minecraft:full,INACCESSIBLE,unloaded,unloaded,unloaded,no_ticket,false,0,no_ticket,33,0,0
4,-13,43,false,[null],[null],unloaded,unloaded,unloaded,no_ticket,false,0,no_ticket,33,0,0
5,-13,43,false,[null],[null],unloaded,unloaded,unloaded,no_ticket,false,0,no_ticket,33,0,0
-13,6,43,true,minecraft:full,INACCESSIBLE,unloaded,unloaded,unloaded,no_ticket,false,0,no_ticket,33,0,0
-13,7,43,true,minecraft:full,INACCESSIBLE,unloaded,unloaded,unloaded,no_ticket,false,0,no_ticket,33,0,0
6,-13,43,false,[null],[null],unloaded,unloaded,unloaded,no_ticket,false,0,no_ticket,33,0,0
7,-13,43,false,[null],[null],unloaded,unloaded,unloaded,no_ticket,false,0,no_ticket,33,0,0
-13,8,43,true,minecraft:full,INACCESSIBLE,unloaded,unloaded,unloaded,no_ticket,false,0,no_ticket,33,0,0
-13,9,43,true,minecraft:full,INACCESSIBLE,unloaded,unloaded,unloaded,no_ticket,false,0,no_ticket,33,0,0
8,-13,43,false,[null],[null],unloaded,unloaded,unloaded,no_ticket,false,0,no_ticket,33,0,0
9,-13,43,false,[null],[null],unloaded,unloaded,unloaded,no_ticket,false,0,no_ticket,33,0,0
-13,10,43,true,minecraft:full,INACCESSIBLE,unloaded,unloaded,unloaded,no_ticket,false,0,no_ticket,33,0,0
-13,11,43,true,minecraft:full,INACCESSIBLE,unloaded,unloaded,unloaded,no_ticket,false,0,no_ticket,33,0,0
10,-13,43,false,[null],[null],unloaded,unloaded,unloaded,no_ticket,false,0,no_ticket,33,0,0
11,-13,43,false,[null],[null],unloaded,unloaded,unloaded,no_ticket,false,0,no_ticket,33,0,0
-13,12,43,true,minecraft:full,INACCESSIBLE,unloaded,unloaded,unloaded,no_ticket,false,0,no_ticket,33,0,0
-13,13,43,true,minecraft:full,INACCESSIBLE,unloaded,unloaded,unloaded,no_ticket,false,0,no_ticket,33,0,0
-12,13,43,true,minecraft:full,INACCESSIBLE,unloaded,unloaded,unloaded,no_ticket,false,0,no_ticket,33,0,0
-11,13,43,true,minecraft:full,INACCESSIBLE,unloaded,unloaded,unloaded,no_ticket,false,0,no_ticket,33,0,0
-10,13,43,true,minecraft:full,INACCESSIBLE,unloaded,unloaded,unloaded,no_ticket,false,0,no_ticket,33,0,0
-9,13,43,true,minecraft:full,INACCESSIBLE,unloaded,unloaded,unloaded,no_ticket,false,0,no_ticket,33,0,0
-8,13,43,true,minecraft:full,INACCESSIBLE,unloaded,unloaded,unloaded,no_ticket,false,0,no_ticket,33,0,0
-7,13,43,true,minecraft:full,INACCESSIBLE,unloaded,unloaded,unloaded,no_ticket,false,0,no_ticket,33,0,0
-6,13,43,true,minecraft:full,INACCESSIBLE,unloaded,unloaded,unloaded,no_ticket,false,0,no_ticket,33,0,0
-5,13,43,true,minecraft:full,INACCESSIBLE,unloaded,unloaded,unloaded,no_ticket,false,0,no_ticket,33,0,0
-4,13,43,true,minecraft:full,INACCESSIBLE,unloaded,unloaded,unloaded,no_ticket,false,0,no_ticket,33,0,0
-3,13,43,true,minecraft:full,INACCESSIBLE,unloaded,unloaded,unloaded,no_ticket,false,0,no_ticket,33,0,0
-2,13,43,true,minecraft:full,INACCESSIBLE,unloaded,unloaded,unloaded,no_ticket,false,0,no_ticket,33,0,0
-1,13,43,true,minecraft:full,INACCESSIBLE,unloaded,unloaded,unloaded,no_ticket,false,0,no_ticket,33,0,0
0,13,43,true,minecraft:full,INACCESSIBLE,unloaded,unloaded,unloaded,no_ticket,false,6,no_ticket,33,0,0
1,13,43,true,minecraft:full,INACCESSIBLE,unloaded,unloaded,unloaded,no_ticket,false,0,no_ticket,33,0,0
2,13,43,true,minecraft:full,INACCESSIBLE,unloaded,unloaded,unloaded,no_ticket,false,0,no_ticket,33,0,0
3,13,43,true,minecraft:full,INACCESSIBLE,unloaded,unloaded,unloaded,no_ticket,false,0,no_ticket,33,0,0
4,13,43,true,minecraft:full,INACCESSIBLE,unloaded,unloaded,unloaded,no_ticket,false,0,no_ticket,33,0,0
5,13,43,true,minecraft:full,INACCESSIBLE,unloaded,unloaded,unloaded,no_ticket,false,0,no_ticket,33,0,0
6,13,43,true,minecraft:full,INACCESSIBLE,unloaded,unloaded,unloaded,no_ticket,false,0,no_ticket,33,0,0
7,13,43,true,minecraft:full,INACCESSIBLE,unloaded,unloaded,unloaded,no_ticket,false,0,no_ticket,33,0,0
8,13,43,true,minecraft:full,INACCESSIBLE,unloaded,unloaded,unloaded,no_ticket,false,0,no_ticket,33,0,0
9,13,43,true,minecraft:full,INACCESSIBLE,unloaded,unloaded,unloaded,no_ticket,false,2,no_ticket,33,0,0
10,13,43,true,minecraft:full,INACCESSIBLE,unloaded,unloaded,unloaded,no_ticket,false,0,no_ticket,33,0,0
11,13,43,true,minecraft:full,[null],unloaded,unloaded,unloaded,no_ticket,false,0,no_ticket,33,0,0
12,-13,43,false,[null],[null],unloaded,unloaded,unloaded,no_ticket,false,0,no_ticket,33,0,0
12,13,43,false,[null],[null],unloaded,unloaded,unloaded,no_ticket,false,0,no_ticket,33,0,0
13,-13,43,false,[null],[null],unloaded,unloaded,unloaded,no_ticket,false,0,no_ticket,33,0,0
13,-12,43,false,[null],[null],unloaded,unloaded,unloaded,no_ticket,false,0,no_ticket,33,0,0
13,-11,43,false,[null],[null],unloaded,unloaded,unloaded,no_ticket,false,0,no_ticket,33,0,0
13,-10,43,false,[null],[null],unloaded,unloaded,unloaded,no_ticket,false,0,no_ticket,33,0,0
13,-9,43,false,[null],[null],unloaded,unloaded,unloaded,no_ticket,false,0,no_ticket,33,0,0
13,-8,43,false,[null],[null],unloaded,unloaded,unloaded,no_ticket,false,0,no_ticket,33,0,0
13,-7,43,false,[null],[null],unloaded,unloaded,unloaded,no_ticket,false,0,no_ticket,33,0,0
13,-6,43,false,[null],[null],unloaded,unloaded,unloaded,no_ticket,false,0,no_ticket,33,0,0
13,-5,43,false,[null],[null],unloaded,unloaded,unloaded,no_ticket,false,0,no_ticket,33,0,0
13,-4,43,false,[null],[null],unloaded,unloaded,unloaded,no_ticket,false,0,no_ticket,33,0,0
13,-3,43,false,[null],[null],unloaded,unloaded,unloaded,no_ticket,false,0,no_ticket,33,0,0
13,-2,43,false,[null],[null],unloaded,unloaded,unloaded,no_ticket,false,0,no_ticket,33,0,0
13,-1,43,false,[null],[null],unloaded,unloaded,unloaded,no_ticket,false,0,no_ticket,33,0,0
13,0,43,false,[null],[null],unloaded,unloaded,unloaded,no_ticket,false,0,no_ticket,33,0,0
13,1,43,false,[null],[null],unloaded,unloaded,unloaded,no_ticket,false,0,no_ticket,33,0,0
13,2,43,false,[null],[null],unloaded,unloaded,unloaded,no_ticket,false,0,no_ticket,33,0,0
13,3,43,false,[null],[null],unloaded,unloaded,unloaded,no_ticket,false,0,no_ticket,33,0,0
13,4,43,false,[null],[null],unloaded,unloaded,unloaded,no_ticket,false,0,no_ticket,33,0,0
13,5,43,false,[null],[null],unloaded,unloaded,unloaded,no_ticket,false,0,no_ticket,33,0,0
13,6,43,false,[null],[null],unloaded,unloaded,unloaded,no_ticket,false,0,no_ticket,33,0,0
13,7,43,false,[null],[null],unloaded,unloaded,unloaded,no_ticket,false,0,no_ticket,33,0,0
13,8,43,false,[null],[null],unloaded,unloaded,unloaded,no_ticket,false,0,no_ticket,33,0,0
13,9,43,false,[null],[null],unloaded,unloaded,unloaded,no_ticket,false,0,no_ticket,33,0,0
13,10,43,false,[null],[null],unloaded,unloaded,unloaded,no_ticket,false,0,no_ticket,33,0,0
13,11,43,false,[null],[null],unloaded,unloaded,unloaded,no_ticket,false,0,no_ticket,33,0,0
13,12,43,false,[null],[null],unloaded,unloaded,unloaded,no_ticket,false,0,no_ticket,33,0,0
13,13,43,false,[null],[null],unloaded,unloaded,unloaded,no_ticket,false,0,no_ticket,33,0,0
-14,-14,44,false,[null],[null],unloaded,unloaded,unloaded,no_ticket,false,0,no_ticket,33,0,0
-14,-13,44,false,[null],[null],unloaded,unloaded,unloaded,no_ticket,false,0,no_ticket,33,0,0
-14,-12,44,false,[null],[null],unloaded,unloaded,unloaded,no_ticket,false,0,no_ticket,33,0,0
-13,-14,44,false,[null],[null],unloaded,unloaded,unloaded,no_ticket,false,0,no_ticket,33,0,0
-12,-14,44,false,[null],[null],unloaded,unloaded,unloaded,no_ticket,false,0,no_ticket,33,0,0
-14,-11,44,false,[null],[null],unloaded,unloaded,unloaded,no_ticket,false,0,no_ticket,33,0,0
-14,-10,44,true,minecraft:full,[null],unloaded,unloaded,unloaded,no_ticket,false,0,no_ticket,33,0,0
-11,-14,44,false,[null],[null],unloaded,unloaded,unloaded,no_ticket,false,0,no_ticket,33,0,0
-10,-14,44,false,[null],[null],unloaded,unloaded,unloaded,no_ticket,false,0,no_ticket,33,0,0
-14,-9,44,true,minecraft:full,INACCESSIBLE,unloaded,unloaded,unloaded,no_ticket,false,0,no_ticket,33,0,0
-14,-8,44,true,minecraft:full,INACCESSIBLE,unloaded,unloaded,unloaded,no_ticket,false,0,no_ticket,33,0,0
-9,-14,44,false,[null],[null],unloaded,unloaded,unloaded,no_ticket,false,0,no_ticket,33,0,0
-8,-14,44,false,[null],[null],unloaded,unloaded,unloaded,no_ticket,false,0,no_ticket,33,0,0
-14,-7,44,true,minecraft:full,INACCESSIBLE,unloaded,unloaded,unloaded,no_ticket,false,0,no_ticket,33,0,0
-14,-6,44,true,minecraft:full,INACCESSIBLE,unloaded,unloaded,unloaded,no_ticket,false,0,no_ticket,33,0,0
-7,-14,44,false,[null],[null],unloaded,unloaded,unloaded,no_ticket,false,0,no_ticket,33,0,0
-6,-14,44,false,[null],[null],unloaded,unloaded,unloaded,no_ticket,false,0,no_ticket,33,0,0
-14,-5,44,true,minecraft:full,INACCESSIBLE,unloaded,unloaded,unloaded,no_ticket,false,0,no_ticket,33,0,0
-14,-4,44,true,minecraft:full,INACCESSIBLE,unloaded,unloaded,unloaded,no_ticket,false,0,no_ticket,33,0,0
-5,-14,44,false,[null],[null],unloaded,unloaded,unloaded,no_ticket,false,0,no_ticket,33,0,0
-4,-14,44,false,[null],[null],unloaded,unloaded,unloaded,no_ticket,false,0,no_ticket,33,0,0
-14,-3,44,true,minecraft:full,INACCESSIBLE,unloaded,unloaded,unloaded,no_ticket,false,0,no_ticket,33,0,0
-14,-2,44,true,minecraft:full,INACCESSIBLE,unloaded,unloaded,unloaded,no_ticket,false,0,no_ticket,33,0,0
-3,-14,44,false,[null],[null],unloaded,unloaded,unloaded,no_ticket,false,0,no_ticket,33,0,0
-2,-14,44,false,[null],[null],unloaded,unloaded,unloaded,no_ticket,false,0,no_ticket,33,0,0
-14,-1,44,true,minecraft:full,INACCESSIBLE,unloaded,unloaded,unloaded,no_ticket,false,0,no_ticket,33,0,0
-14,0,44,true,minecraft:full,INACCESSIBLE,unloaded,unloaded,unloaded,no_ticket,false,0,no_ticket,33,0,0
-1,-14,44,false,[null],[null],unloaded,unloaded,unloaded,no_ticket,false,0,no_ticket,33,0,0
0,-14,44,false,[null],[null],unloaded,unloaded,unloaded,no_ticket,false,0,no_ticket,33,0,0
-14,1,44,true,minecraft:full,INACCESSIBLE,unloaded,unloaded,unloaded,no_ticket,false,0,no_ticket,33,0,0
-14,2,44,true,minecraft:full,INACCESSIBLE,unloaded,unloaded,unloaded,no_ticket,false,0,no_ticket,33,0,0
1,-14,44,false,[null],[null],unloaded,unloaded,unloaded,no_ticket,false,0,no_ticket,33,0,0
2,-14,44,false,[null],[null],unloaded,unloaded,unloaded,no_ticket,false,0,no_ticket,33,0,0
-14,3,44,true,minecraft:full,INACCESSIBLE,unloaded,unloaded,unloaded,no_ticket,false,0,no_ticket,33,0,0
-14,4,44,true,minecraft:full,INACCESSIBLE,unloaded,unloaded,unloaded,no_ticket,false,0,no_ticket,33,0,0
3,-14,44,false,[null],[null],unloaded,unloaded,unloaded,no_ticket,false,0,no_ticket,33,0,0
4,-14,44,false,[null],[null],unloaded,unloaded,unloaded,no_ticket,false,0,no_ticket,33,0,0
-14,5,44,true,minecraft:full,INACCESSIBLE,unloaded,unloaded,unloaded,no_ticket,false,0,no_ticket,33,0,0
-14,6,44,true,minecraft:full,INACCESSIBLE,unloaded,unloaded,unloaded,no_ticket,false,0,no_ticket,33,0,0
5,-14,44,false,[null],[null],unloaded,unloaded,unloaded,no_ticket,false,0,no_ticket,33,0,0
6,-14,44,false,[null],[null],unloaded,unloaded,unloaded,no_ticket,false,0,no_ticket,33,0,0
-14,7,44,true,minecraft:full,INACCESSIBLE,unloaded,unloaded,unloaded,no_ticket,false,0,no_ticket,33,0,0
-14,8,44,true,minecraft:full,INACCESSIBLE,unloaded,unloaded,unloaded,no_ticket,false,0,no_ticket,33,0,0
7,-14,44,false,[null],[null],unloaded,unloaded,unloaded,no_ticket,false,0,no_ticket,33,0,0
8,-14,44,false,[null],[null],unloaded,unloaded,unloaded,no_ticket,false,0,no_ticket,33,0,0
-14,9,44,true,minecraft:full,INACCESSIBLE,unloaded,unloaded,unloaded,no_ticket,false,0,no_ticket,33,0,0
-14,10,44,true,minecraft:full,INACCESSIBLE,unloaded,unloaded,unloaded,no_ticket,false,0,no_ticket,33,0,0
9,-14,44,false,[null],[null],unloaded,unloaded,unloaded,no_ticket,false,0,no_ticket,33,0,0
10,-14,44,false,[null],[null],unloaded,unloaded,unloaded,no_ticket,false,0,no_ticket,33,0,0
-14,11,44,true,minecraft:full,INACCESSIBLE,unloaded,unloaded,unloaded,no_ticket,false,0,no_ticket,33,0,0
-14,12,44,true,minecraft:full,INACCESSIBLE,unloaded,unloaded,unloaded,no_ticket,false,2,no_ticket,33,0,0
11,-14,44,false,[null],[null],unloaded,unloaded,unloaded,no_ticket,false,0,no_ticket,33,0,0
12,-14,44,false,[null],[null],unloaded,unloaded,unloaded,no_ticket,false,0,no_ticket,33,0,0
-14,13,44,true,minecraft:full,INACCESSIBLE,unloaded,unloaded,unloaded,no_ticket,false,0,no_ticket,33,0,0
-14,14,44,true,minecraft:full,INACCESSIBLE,unloaded,unloaded,unloaded,no_ticket,false,0,no_ticket,33,0,0
-13,14,44,true,minecraft:full,INACCESSIBLE,unloaded,unloaded,unloaded,no_ticket,false,0,no_ticket,33,0,0
-12,14,44,true,minecraft:full,INACCESSIBLE,unloaded,unloaded,unloaded,no_ticket,false,0,no_ticket,33,0,0
-11,14,44,true,minecraft:full,INACCESSIBLE,unloaded,unloaded,unloaded,no_ticket,false,0,no_ticket,33,0,0
-10,14,44,true,minecraft:full,INACCESSIBLE,unloaded,unloaded,unloaded,no_ticket,false,0,no_ticket,33,0,0
-9,14,44,true,minecraft:full,INACCESSIBLE,unloaded,unloaded,unloaded,no_ticket,false,0,no_ticket,33,0,0
-8,14,44,true,minecraft:full,INACCESSIBLE,unloaded,unloaded,unloaded,no_ticket,false,0,no_ticket,33,0,0
-7,14,44,true,minecraft:full,INACCESSIBLE,unloaded,unloaded,unloaded,no_ticket,false,3,no_ticket,33,0,0
-6,14,44,true,minecraft:full,INACCESSIBLE,unloaded,unloaded,unloaded,no_ticket,false,0,no_ticket,33,0,0
-5,14,44,true,minecraft:full,INACCESSIBLE,unloaded,unloaded,unloaded,no_ticket,false,0,no_ticket,33,0,0
-4,14,44,true,minecraft:full,INACCESSIBLE,unloaded,unloaded,unloaded,no_ticket,false,0,no_ticket,33,0,0
-3,14,44,true,minecraft:full,INACCESSIBLE,unloaded,unloaded,unloaded,no_ticket,false,0,no_ticket,33,0,0
-2,14,44,true,minecraft:full,INACCESSIBLE,unloaded,unloaded,unloaded,no_ticket,false,0,no_ticket,33,0,0
-1,14,44,true,minecraft:full,INACCESSIBLE,unloaded,unloaded,unloaded,no_ticket,false,0,no_ticket,33,0,0
0,14,44,true,minecraft:full,INACCESSIBLE,unloaded,unloaded,unloaded,no_ticket,false,0,no_ticket,33,0,0
1,14,44,true,minecraft:full,INACCESSIBLE,unloaded,unloaded,unloaded,no_ticket,false,3,no_ticket,33,0,0
2,14,44,true,minecraft:full,INACCESSIBLE,unloaded,unloaded,unloaded,no_ticket,false,0,no_ticket,33,0,0
3,14,44,true,minecraft:full,INACCESSIBLE,unloaded,unloaded,unloaded,no_ticket,false,0,no_ticket,33,0,0
4,14,44,true,minecraft:full,INACCESSIBLE,unloaded,unloaded,unloaded,no_ticket,false,0,no_ticket,33,0,0
5,14,44,true,minecraft:full,INACCESSIBLE,unloaded,unloaded,unloaded,no_ticket,false,0,no_ticket,33,0,0
6,14,44,true,minecraft:full,INACCESSIBLE,unloaded,unloaded,unloaded,no_ticket,false,0,no_ticket,33,0,0
7,14,44,true,minecraft:full,INACCESSIBLE,unloaded,unloaded,unloaded,no_ticket,false,0,no_ticket,33,0,0
8,14,44,true,minecraft:full,INACCESSIBLE,unloaded,unloaded,unloaded,no_ticket,false,0,no_ticket,33,0,0
9,14,44,true,minecraft:full,INACCESSIBLE,unloaded,unloaded,unloaded,no_ticket,false,0,no_ticket,33,0,0
10,14,44,true,minecraft:full,INACCESSIBLE,unloaded,unloaded,unloaded,no_ticket,false,0,no_ticket,33,0,0
11,14,44,true,minecraft:full,[null],unloaded,unloaded,unloaded,no_ticket,false,0,no_ticket,33,0,0
12,14,44,false,[null],[null],unloaded,unloaded,unloaded,no_ticket,false,0,no_ticket,33,0,0
13,-14,44,false,[null],[null],unloaded,unloaded,unloaded,no_ticket,false,0,no_ticket,33,0,0
13,14,44,false,[null],[null],unloaded,unloaded,unloaded,no_ticket,false,0,no_ticket,33,0,0
14,-14,44,false,[null],[null],unloaded,unloaded,unloaded,no_ticket,false,0,no_ticket,33,0,0
14,-13,44,false,[null],[null],unloaded,unloaded,unloaded,no_ticket,false,0,no_ticket,33,0,0
14,-12,44,false,[null],[null],unloaded,unloaded,unloaded,no_ticket,false,0,no_ticket,33,0,0
14,-11,44,false,[null],[null],unloaded,unloaded,unloaded,no_ticket,false,0,no_ticket,33,0,0
14,-10,44,false,[null],[null],unloaded,unloaded,unloaded,no_ticket,false,0,no_ticket,33,0,0
14,-9,44,false,[null],[null],unloaded,unloaded,unloaded,no_ticket,false,0,no_ticket,33,0,0
14,-8,44,false,[null],[null],unloaded,unloaded,unloaded,no_ticket,false,0,no_ticket,33,0,0
14,-7,44,false,[null],[null],unloaded,unloaded,unloaded,no_ticket,false,0,no_ticket,33,0,0
14,-6,44,false,[null],[null],unloaded,unloaded,unloaded,no_ticket,false,0,no_ticket,33,0,0
14,-5,44,false,[null],[null],unloaded,unloaded,unloaded,no_ticket,false,0,no_ticket,33,0,0
14,-4,44,false,[null],[null],unloaded,unloaded,unloaded,no_ticket,false,0,no_ticket,33,0,0
14,-3,44,false,[null],[null],unloaded,unloaded,unloaded,no_ticket,false,0,no_ticket,33,0,0
14,-2,44,false,[null],[null],unloaded,unloaded,unloaded,no_ticket,false,0,no_ticket,33,0,0
14,-1,44,false,[null],[null],unloaded,unloaded,unloaded,no_ticket,false,0,no_ticket,33,0,0
14,0,44,false,[null],[null],unloaded,unloaded,unloaded,no_ticket,false,0,no_ticket,33,0,0
14,1,44,false,[null],[null],unloaded,unloaded,unloaded,no_ticket,false,0,no_ticket,33,0,0
14,2,44,false,[null],[null],unloaded,unloaded,unloaded,no_ticket,false,0,no_ticket,33,0,0
14,3,44,false,[null],[null],unloaded,unloaded,unloaded,no_ticket,false,0,no_ticket,33,0,0
14,4,44,false,[null],[null],unloaded,unloaded,unloaded,no_ticket,false,0,no_ticket,33,0,0
14,5,44,false,[null],[null],unloaded,unloaded,unloaded,no_ticket,false,0,no_ticket,33,0,0
14,6,44,false,[null],[null],unloaded,unloaded,unloaded,no_ticket,false,0,no_ticket,33,0,0
14,7,44,false,[null],[null],unloaded,unloaded,unloaded,no_ticket,false,0,no_ticket,33,0,0
14,8,44,false,[null],[null],unloaded,unloaded,unloaded,no_ticket,false,0,no_ticket,33,0,0
14,9,44,false,[null],[null],unloaded,unloaded,unloaded,no_ticket,false,0,no_ticket,33,0,0
14,10,44,false,[null],[null],unloaded,unloaded,unloaded,no_ticket,false,0,no_ticket,33,0,0
14,11,44,false,[null],[null],unloaded,unloaded,unloaded,no_ticket,false,0,no_ticket,33,0,0
14,12,44,false,[null],[null],unloaded,unloaded,unloaded,no_ticket,false,0,no_ticket,33,0,0
14,13,44,false,[null],[null],unloaded,unloaded,unloaded,no_ticket,false,0,no_ticket,33,0,0
14,14,44,false,[null],[null],unloaded,unloaded,unloaded,no_ticket,false,0,no_ticket,33,0,0
