x,y,z,uuid,type,alive,display_name,custom_name
-39.88269513836265,69.0,-40.76979898988093,23caf678-2307-41fd-976c-314b1ab200c3,minecraft:chicken,true,Chicken,[null]
-46.215965585417614,66.0,-44.90807007959806,2e0ccc3b-91cd-4727-9768-f4a823e6f446,minecraft:chicken,true,Chicken,[null]
-39.804000771200236,69.0,-40.551576023380065,54fe2763-f0dc-4472-a638-98fb84ebae69,minecraft:item,true,Egg,[null]
-40.13282920731596,69.0,-40.57856249538195,4ca616c5-8b02-4070-a050-b3cb36ecd551,minecraft:item,true,Feather,[null]
-46.60028668903882,66.0,-44.57168036123608,057255eb-4ebd-46cf-b28d-87a1165eb5b0,minecraft:item,true,Egg,[null]
-38.739460202514344,69.0,-40.85872748616498,b9da8043-ce46-447e-b48e-796d20c3c3df,minecraft:item,true,Feather,[null]
20.268872073286104,73.0,-26.496213495486593,bc650980-86f4-4517-8023-0c6294abbfa0,minecraft:sheep,true,Sheep,[null]
-24.472012669574305,69.0,-47.44006510139875,c5adeaed-77c5-44aa-a8c1-fdbbea73dc74,minecraft:chicken,true,Chicken,[null]
-24.284724331038014,69.0,-47.29451567516834,91b7d9fa-759c-42c0-9a0c-6e5c2a42c151,minecraft:item,true,Egg,[null]
12.99866544654483,62.0,-33.915811740624164,84fcb8ed-64ed-4827-a69c-b55b26730c15,minecraft:sheep,true,Sheep,[null]
2.118778824885057,67.0,-46.88144980892274,7273e9bd-bb7f-447e-b0e1-bedba4bff7f7,minecraft:chicken,true,Chicken,[null]
1.2490251291115386,67.0,-46.948263311114275,1141b93f-81b5-49f5-90cc-942343e87e71,minecraft:item,true,Egg,[null]
32.03847729690056,110.0,27.779783842845557,8d9e2192-b1a2-4305-b298-304cbfd95b06,minecraft:chicken,true,Chicken,[null]
-42.843768796045445,118.0,60.20929452816605,e32de040-8088-4157-9ae9-e735b747f9bf,minecraft:pig,true,Pig,[null]
54.5625,-23.986581973048157,31.42399640523278,886e7657-b225-496d-86df-f5b1cfbf19af,friendsandfoes:glare,true,Glare,[null]
51.4375,-18.1875,36.470018984042426,6c79a7d6-38e1-45f1-bc4a-453fdbba6d1a,friendsandfoes:glare,true,Glare,[null]
51.4375,-18.1875,37.469816569923594,7007f62d-66ec-47fd-aba3-3873007dbbb4,friendsandfoes:glare,true,Glare,[null]
1.3251152200301604,110.0,60.86426314685551,f7f9b64f-c06a-4106-a646-06696278c947,minecraft:pig,true,Pig,[null]
22.359797688749836,109.0,63.07296550704252,da00dceb-7319-4cbe-bc71-cf5e0eb47633,minecraft:sheep,true,Sheep,[null]
34.311851864296365,4.0,63.3894598186129,4bb8ab45-0735-497b-ba72-709fd74becde,adventurez:amethyst_golem,true,Amethyst Golem,[null]
57.39770290706045,109.0,58.347089665525246,91d175b8-730d-4304-b3fe-94e7a3783d95,minecraft:wandering_trader,true,Leocadia Osten the Wandering Trader,Leocadia Osten the Wandering Trader
-2.2027306579631456,111.0,54.74310073528049,7de58ae3-911a-45ff-a8e6-70c6f08db3d4,minecraft:pig,true,Pig,[null]
